[
    {
        "model": "sites.site",
        "pk": 1,
        "fields": {
            "domain": "moby-group.com",
            "name": "Moby Supply"
        }
    },
    {
        "model": "sites.site",
        "pk": 2,
        "fields": {
            "domain": "moby.dev2tech.xyz",
            "name": "moby.dev2tech.xyz"
        }
    },
    {
        "model": "flatpages.flatpage",
        "pk": 1,
        "fields": {
            "url": "/privacidad/",
            "title": "Pol\u00edtica de privacidad",
            "content": "",
            "enable_comments": false,
            "template_name": "flatpages/base.html",
            "registration_required": false,
            "sites": [
                2,
                1
            ]
        }
    },
    {
        "model": "flatpages.flatpage",
        "pk": 2,
        "fields": {
            "url": "/quienes-somos/",
            "title": "\u00bfQuienes somos?",
            "content": "",
            "enable_comments": false,
            "template_name": "flatpages/base.html",
            "registration_required": false,
            "sites": [
                2,
                1
            ]
        }
    },
    {
        "model": "flatpages.flatpage",
        "pk": 3,
        "fields": {
            "url": "/preguntas-frecuentes/",
            "title": "Preguntas frecuentes",
            "content": "",
            "enable_comments": false,
            "template_name": "",
            "registration_required": false,
            "sites": [
                2,
                1
            ]
        }
    },
    {
        "model": "flatpages.flatpage",
        "pk": 4,
        "fields": {
            "url": "/terminos-y-condiciones/",
            "title": "Terminos y condiciones",
            "content": "",
            "enable_comments": false,
            "template_name": "flatpages/base.html",
            "registration_required": false,
            "sites": [
                2,
                1
            ]
        }
    },
    {
        "model": "base.position",
        "pk": 1,
        "fields": {
            "name": "header",
            "description": ""
        }
    },
    {
        "model": "base.position",
        "pk": 2,
        "fields": {
            "name": "section",
            "description": ""
        }
    },
    {
        "model": "base.position",
        "pk": 3,
        "fields": {
            "name": "footer",
            "description": ""
        }
    },
    {
        "model": "base.pages",
        "pk": 1,
        "fields": {
            "name": "inicio",
            "description": "",
            "have_icon": false,
            "url": "/"
        }
    },
    {
        "model": "base.pages",
        "pk": 2,
        "fields": {
            "name": "servicios",
            "description": "",
            "have_icon": false,
            "url": "/servicios"
        }
    },
    {
        "model": "base.pages",
        "pk": 3,
        "fields": {
            "name": "productos",
            "description": "",
            "have_icon": false,
            "url": "/productos"
        }
    },
    {
        "model": "base.pages",
        "pk": 4,
        "fields": {
            "name": "blog",
            "description": "",
            "have_icon": false,
            "url": "/blog"
        }
    },
    {
        "model": "base.pages",
        "pk": 5,
        "fields": {
            "name": "contacto",
            "description": "",
            "have_icon": false,
            "url": "/contacto"
        }
    },
    {
        "model": "base.pages",
        "pk": 6,
        "fields": {
            "name": "search",
            "description": "",
            "have_icon": true,
            "url": "/busqueda"
        }
    },
    {
        "model": "base.carousel",
        "pk": 1,
        "fields": {
            "name": "Header carousel home",
            "description": "<p>Header del home</p>",
            "page": 1,
            "position": 1,
            "crated_at": "2018-02-27T14:31:12.590Z"
        }
    },
    {
        "model": "base.carousel",
        "pk": 2,
        "fields": {
            "name": "Header carousel productos",
            "description": "",
            "page": 3,
            "position": 1,
            "crated_at": "2018-02-27T14:40:54.303Z"
        }
    },
    {
        "model": "base.carouselimage",
        "pk": 1,
        "fields": {
            "Carousel": 1,
            "image": "frontend/carouselimage/2018/02/27/240_F_125329788_Bk63sl1PtAtP4fWIrAler0jSH9AY9dgB.jpg",
            "name": "Bienvenidos a Moby Supply",
            "text": "",
            "call_to_action_url": null,
            "uploaded_at": "2018-02-27T14:31:12.593Z"
        }
    },
    {
        "model": "base.carouselimage",
        "pk": 2,
        "fields": {
            "Carousel": 2,
            "image": "frontend/carouselimage/2018/02/27/dark-blur-blurred-gradient.jpg",
            "name": "Conozca nuestros productos",
            "text": "",
            "call_to_action_url": null,
            "uploaded_at": "2018-02-27T14:40:54.306Z"
        }
    },
    {
        "model": "base.site",
        "pk": 1,
        "fields": {
            "name": "Moby Supply",
            "title": "Moby Supply",
            "description": "",
            "short_description": "",
            "url": "https://www.mobby-group.com",
            "phone": null,
            "phone2": null,
            "email": null,
            "email2": null,
            "schedule": "8:00 am - 5:00 pm <br> Sabados de 8:00 a 1:00 pm",
            "workday": "Lunes a Viernes",
            "address": null,
            "address1": null,
            "logo": "/static/base/img/moby.png",
            "site_img": "frontend/site/2018/02/27/LOGO_CON_SLOGAN.png",
            "services_img": "frontend/site/2018/02/27/moby-1024x1024.png",
            "products_img": "frontend/site/2018/02/27/moby-1024x1024_iLYxq06.png"
        }
    },
    {
        "model": "base.socialmedia",
        "pk": 1,
        "fields": {
            "site": 1,
            "name": "MobySupply",
            "url": "https://www.instagram.com/mobysupply/",
            "icon": "fa-instagram",
            "title": "MobySupply"
        }
    },
    {
        "model": "services.service",
        "pk": 1,
        "fields": {
            "name": "Cortes",
            "title": "Cortes",
            "content": "<p>Servicio de corte</p>",
            "slug": "cortes",
            "image": "sales/service/2018/02/27/LOGO_CON_SLOGAN.png",
            "background": "sales/service/2018/02/27/dark-blur-blurred-gradient_1.jpg"
        }
    },
    {
        "model": "services.service",
        "pk": 2,
        "fields": {
            "name": "Canteo",
            "title": "Canteo",
            "content": "<p>Servicio de canteo</p>",
            "slug": "canteo",
            "image": "sales/service/2018/02/27/webproduct_darkbg3.jpg",
            "background": "sales/service/2018/02/27/dark-blur-blurred-gradient.jpg"
        }
    },
    {
        "model": "services.service",
        "pk": 3,
        "fields": {
            "name": "Perforaci\u00f3n",
            "title": "Perforaci\u00f3n",
            "content": "<p>Servicio de Perforaci&oacute;n</p>",
            "slug": "perforacion",
            "image": "sales/service/2018/02/27/webproduct_darkbg3_HAEaql2.jpg",
            "background": "sales/service/2018/02/27/dark-blur-blurred-gradient_6YrcHYe.jpg"
        }
    },
    {
        "model": "services.serviceimage",
        "pk": 1,
        "fields": {
            "Service": 1,
            "image": "sales/serviceimage/2018/02/27/webproduct_darkbg3.jpg",
            "name": "Servicio de corte 01",
            "text": "",
            "uploaded_at": "2018-02-27T14:52:45.710Z"
        }
    },
    {
        "model": "services.serviceimage",
        "pk": 2,
        "fields": {
            "Service": 1,
            "image": "sales/serviceimage/2018/02/27/dark-blur-blurred-gradient.jpg",
            "name": "Servicio de corte 02",
            "text": "",
            "uploaded_at": "2018-02-27T14:52:45.714Z"
        }
    },
    {
        "model": "services.serviceimage",
        "pk": 3,
        "fields": {
            "Service": 1,
            "image": "sales/serviceimage/2018/02/27/newscarousel5.jpg",
            "name": "Servicio de corte 03",
            "text": "",
            "uploaded_at": "2018-02-27T14:52:45.717Z"
        }
    },
    {
        "model": "services.serviceimage",
        "pk": 4,
        "fields": {
            "Service": 2,
            "image": "sales/serviceimage/2018/02/27/dark-blur-blurred-gradient_wYNybMy.jpg",
            "name": "Servicio de canteo 01",
            "text": "",
            "uploaded_at": "2018-02-27T14:54:11.788Z"
        }
    },
    {
        "model": "ventas.line",
        "pk": 1,
        "fields": {
            "description": "",
            "img": "",
            "name": "CAN"
        }
    },
    {
        "model": "ventas.subline",
        "pk": 1,
        "fields": {
            "description": "",
            "img": "",
            "name": "CANTO",
            "parent": 1
        }
    },
    {
        "model": "ventas.color",
        "pk": 1,
        "fields": {
            "description": "",
            "hex_code": "072",
            "name": "blanco"
        }
    },
    {
        "model": "ventas.type",
        "pk": 1,
        "fields": {
            "background": "",
            "description": "",
            "img": "",
            "name": "VENTA"
        }
    },
    {
        "model": "ventas.provider",
        "pk": 1,
        "fields": {
            "background": "",
            "description": "",
            "img": "",
            "logo": "",
            "name": "PROVEEDOR",
            "slug": "proveedor",
            "website": ""
        }
    },
    {
        "model": "ventas.department",
        "pk": 1,
        "fields": {
            "background": "sales/department/2018/02/27/dark-blur-blurred-gradient.jpg",
            "description": "<p>Categor&iacute;a de articulos.</p>",
            "img": "sales/department/2018/02/27/dark-blur-blurred-gradient_PW5pVvq.jpg",
            "name": "Cantos",
            "slug": "cantos"
        }
    },
    {
        "model": "ventas.department",
        "pk": 2,
        "fields": {
            "background": "sales/department/2018/02/27/dark-blur-blurred-gradient_ux7uZED.jpg",
            "description": "<p>Categor&iacute;a de productos</p>",
            "img": "sales/department/2018/02/27/dark-blur-blurred-gradient_k5vcEme.jpg",
            "name": "Sobre",
            "slug": "sobre"
        }
    },
    {
        "model": "ventas.department",
        "pk": 3,
        "fields": {
            "background": "",
            "description": "<p>Categor&iacute;a de productos.</p>",
            "img": "",
            "name": "Laminas",
            "slug": "laminas"
        }
    },
    {
        "model": "ventas.department",
        "pk": 4,
        "fields": {
            "background": "",
            "description": "<p>Categor&iacute;a de productos</p>",
            "img": "",
            "name": "Herrajes",
            "slug": "herrajes"
        }
    },
    {
        "model": "ventas.category",
        "pk": 1,
        "fields": {
            "background": "sales/category/2018/02/27/dark-blur-blurred-gradient.jpg",
            "description": "<p>Categoria de productos</p>",
            "img": "",
            "name": "Cantos",
            "parent": null,
            "slug": "cantos"
        }
    },
    {
        "model": "ventas.article",
        "pk": 1,
        "fields": {
            "category": 1,
            "code": "prieba",
            "color": 1,
            "created_at": "2018-02-27T16:11:36.590Z",
            "department": 2,
            "description": "",
            "img": "",
            "imported": false,
            "is_shipping_required": false,
            "item_type": 1,
            "line": 1,
            "model": "",
            "name": "",
            "origin": "",
            "picture": "",
            "price_1": null,
            "price_2": null,
            "price_3": null,
            "price_4": null,
            "price_5": null,
            "provider": 1,
            "ref": "",
            "sales_unit": "",
            "slug": "",
            "stock": 0,
            "sub_line": 1,
            "updated": "2018-02-27T16:11:36.590Z"
        }
    },
    {
        "model": "thumbnail.kvstore",
        "pk": "sorl-thumbnail||image||1c7bb3ca0a480dff0f3024a24c9053e8",
        "fields": {
            "value": "{\"storage\": \"django.core.files.storage.FileSystemStorage\", \"size\": [992, 661], \"name\": \"cache/7e/f5/7ef558ce051f95d6d3d3a03f763141b4.jpg\"}"
        }
    },
    {
        "model": "thumbnail.kvstore",
        "pk": "sorl-thumbnail||image||1c96274e47f4fe5c5c887688d0273862",
        "fields": {
            "value": "{\"storage\": \"django.core.files.storage.FileSystemStorage\", \"size\": [768, 512], \"name\": \"cache/dc/2b/dc2b3fd7e13d9ed4efd3e9d8e7bc18de.jpg\"}"
        }
    },
    {
        "model": "thumbnail.kvstore",
        "pk": "sorl-thumbnail||image||387d2a947af50327452206ae8c5743c8",
        "fields": {
            "value": "{\"storage\": \"django.core.files.storage.FileSystemStorage\", \"size\": [360, 240], \"name\": \"frontend/carouselimage/2018/02/27/240_F_125329788_Bk63sl1PtAtP4fWIrAler0jSH9AY9dgB.jpg\"}"
        }
    },
    {
        "model": "thumbnail.kvstore",
        "pk": "sorl-thumbnail||image||3f5ee595efbbf047e910c7ec7dd145fe",
        "fields": {
            "value": "{\"storage\": \"django.core.files.storage.FileSystemStorage\", \"size\": [1200, 800], \"name\": \"cache/72/a3/72a3aacbe9fb567f1b25f123379f574e.jpg\"}"
        }
    },
    {
        "model": "thumbnail.kvstore",
        "pk": "sorl-thumbnail||image||4172ed1d55c2fbd2180001d4780d8197",
        "fields": {
            "value": "{\"storage\": \"django.core.files.storage.FileSystemStorage\", \"size\": [544, 363], \"name\": \"cache/f8/ae/f8ae721bdea2b7fa97d821c3891bf564.jpg\"}"
        }
    },
    {
        "model": "thumbnail.kvstore",
        "pk": "sorl-thumbnail||image||4237e24ac954d2055afbd47578841a43",
        "fields": {
            "value": "{\"storage\": \"django.core.files.storage.FileSystemStorage\", \"size\": [544, 363], \"name\": \"cache/38/eb/38eb592f5dffac77b35375361f543475.jpg\"}"
        }
    },
    {
        "model": "thumbnail.kvstore",
        "pk": "sorl-thumbnail||image||4bb176a32d8969588bd30f990d7cded4",
        "fields": {
            "value": "{\"storage\": \"django.core.files.storage.FileSystemStorage\", \"size\": [1200, 800], \"name\": \"cache/fd/7d/fd7d0176045edac8cf203d8de1d4a689.jpg\"}"
        }
    },
    {
        "model": "thumbnail.kvstore",
        "pk": "sorl-thumbnail||image||6f54236b2df5da1c914c3836ca348efe",
        "fields": {
            "value": "{\"storage\": \"django.core.files.storage.FileSystemStorage\", \"size\": [992, 661], \"name\": \"cache/df/a7/dfa71a1e4c10e9a29fe0d5912efa00b5.jpg\"}"
        }
    },
    {
        "model": "thumbnail.kvstore",
        "pk": "sorl-thumbnail||image||72363e94d7b01e25677f1f4715587a8c",
        "fields": {
            "value": "{\"storage\": \"django.core.files.storage.FileSystemStorage\", \"size\": [1920, 1280], \"name\": \"cache/2e/7b/2e7b94b69ddd97296b66ee016651b011.jpg\"}"
        }
    },
    {
        "model": "thumbnail.kvstore",
        "pk": "sorl-thumbnail||image||da7ff42fda04a2e6a87efa9f1a14fc2b",
        "fields": {
            "value": "{\"storage\": \"django.core.files.storage.FileSystemStorage\", \"size\": [768, 512], \"name\": \"cache/cd/91/cd91bee03b30dc2fe43fe043845e5d46.jpg\"}"
        }
    },
    {
        "model": "thumbnail.kvstore",
        "pk": "sorl-thumbnail||image||efc8a2bc11b77248069fe7b78be879a9",
        "fields": {
            "value": "{\"storage\": \"django.core.files.storage.FileSystemStorage\", \"size\": [1920, 1280], \"name\": \"cache/5c/2b/5c2bab6a1b7857f33c6d18f3c9fdcb3f.jpg\"}"
        }
    },
    {
        "model": "thumbnail.kvstore",
        "pk": "sorl-thumbnail||image||f1838fa256a557d5c9db3b01a7d86e5c",
        "fields": {
            "value": "{\"storage\": \"django.core.files.storage.FileSystemStorage\", \"size\": [5400, 3600], \"name\": \"frontend/site/2018/02/27/LOGO_CON_SLOGAN.png\"}"
        }
    },
    {
        "model": "thumbnail.kvstore",
        "pk": "sorl-thumbnail||thumbnails||387d2a947af50327452206ae8c5743c8",
        "fields": {
            "value": "[\"3f5ee595efbbf047e910c7ec7dd145fe\", \"72363e94d7b01e25677f1f4715587a8c\", \"6f54236b2df5da1c914c3836ca348efe\", \"4172ed1d55c2fbd2180001d4780d8197\", \"1c96274e47f4fe5c5c887688d0273862\"]"
        }
    },
    {
        "model": "thumbnail.kvstore",
        "pk": "sorl-thumbnail||thumbnails||f1838fa256a557d5c9db3b01a7d86e5c",
        "fields": {
            "value": "[\"efc8a2bc11b77248069fe7b78be879a9\", \"4237e24ac954d2055afbd47578841a43\", \"4bb176a32d8969588bd30f990d7cded4\", \"da7ff42fda04a2e6a87efa9f1a14fc2b\", \"1c7bb3ca0a480dff0f3024a24c9053e8\"]"
        }
    },
    {
        "model": "auth.permission",
        "pk": 1,
        "fields": {
            "name": "Can add log entry",
            "content_type": 1,
            "codename": "add_logentry"
        }
    },
    {
        "model": "auth.permission",
        "pk": 2,
        "fields": {
            "name": "Can change log entry",
            "content_type": 1,
            "codename": "change_logentry"
        }
    },
    {
        "model": "auth.permission",
        "pk": 3,
        "fields": {
            "name": "Can delete log entry",
            "content_type": 1,
            "codename": "delete_logentry"
        }
    },
    {
        "model": "auth.permission",
        "pk": 4,
        "fields": {
            "name": "Can add user",
            "content_type": 2,
            "codename": "add_user"
        }
    },
    {
        "model": "auth.permission",
        "pk": 5,
        "fields": {
            "name": "Can change user",
            "content_type": 2,
            "codename": "change_user"
        }
    },
    {
        "model": "auth.permission",
        "pk": 6,
        "fields": {
            "name": "Can delete user",
            "content_type": 2,
            "codename": "delete_user"
        }
    },
    {
        "model": "auth.permission",
        "pk": 7,
        "fields": {
            "name": "Can add group",
            "content_type": 3,
            "codename": "add_group"
        }
    },
    {
        "model": "auth.permission",
        "pk": 8,
        "fields": {
            "name": "Can change group",
            "content_type": 3,
            "codename": "change_group"
        }
    },
    {
        "model": "auth.permission",
        "pk": 9,
        "fields": {
            "name": "Can delete group",
            "content_type": 3,
            "codename": "delete_group"
        }
    },
    {
        "model": "auth.permission",
        "pk": 10,
        "fields": {
            "name": "Can add permission",
            "content_type": 4,
            "codename": "add_permission"
        }
    },
    {
        "model": "auth.permission",
        "pk": 11,
        "fields": {
            "name": "Can change permission",
            "content_type": 4,
            "codename": "change_permission"
        }
    },
    {
        "model": "auth.permission",
        "pk": 12,
        "fields": {
            "name": "Can delete permission",
            "content_type": 4,
            "codename": "delete_permission"
        }
    },
    {
        "model": "auth.permission",
        "pk": 13,
        "fields": {
            "name": "Can add content type",
            "content_type": 5,
            "codename": "add_contenttype"
        }
    },
    {
        "model": "auth.permission",
        "pk": 14,
        "fields": {
            "name": "Can change content type",
            "content_type": 5,
            "codename": "change_contenttype"
        }
    },
    {
        "model": "auth.permission",
        "pk": 15,
        "fields": {
            "name": "Can delete content type",
            "content_type": 5,
            "codename": "delete_contenttype"
        }
    },
    {
        "model": "auth.permission",
        "pk": 16,
        "fields": {
            "name": "Can add session",
            "content_type": 6,
            "codename": "add_session"
        }
    },
    {
        "model": "auth.permission",
        "pk": 17,
        "fields": {
            "name": "Can change session",
            "content_type": 6,
            "codename": "change_session"
        }
    },
    {
        "model": "auth.permission",
        "pk": 18,
        "fields": {
            "name": "Can delete session",
            "content_type": 6,
            "codename": "delete_session"
        }
    },
    {
        "model": "auth.permission",
        "pk": 19,
        "fields": {
            "name": "Can add site",
            "content_type": 7,
            "codename": "add_site"
        }
    },
    {
        "model": "auth.permission",
        "pk": 20,
        "fields": {
            "name": "Can change site",
            "content_type": 7,
            "codename": "change_site"
        }
    },
    {
        "model": "auth.permission",
        "pk": 21,
        "fields": {
            "name": "Can delete site",
            "content_type": 7,
            "codename": "delete_site"
        }
    },
    {
        "model": "auth.permission",
        "pk": 22,
        "fields": {
            "name": "Can add flat page",
            "content_type": 8,
            "codename": "add_flatpage"
        }
    },
    {
        "model": "auth.permission",
        "pk": 23,
        "fields": {
            "name": "Can change flat page",
            "content_type": 8,
            "codename": "change_flatpage"
        }
    },
    {
        "model": "auth.permission",
        "pk": 24,
        "fields": {
            "name": "Can delete flat page",
            "content_type": 8,
            "codename": "delete_flatpage"
        }
    },
    {
        "model": "auth.permission",
        "pk": 25,
        "fields": {
            "name": "Can add redirect",
            "content_type": 9,
            "codename": "add_redirect"
        }
    },
    {
        "model": "auth.permission",
        "pk": 26,
        "fields": {
            "name": "Can change redirect",
            "content_type": 9,
            "codename": "change_redirect"
        }
    },
    {
        "model": "auth.permission",
        "pk": 27,
        "fields": {
            "name": "Can delete redirect",
            "content_type": 9,
            "codename": "delete_redirect"
        }
    },
    {
        "model": "auth.permission",
        "pk": 28,
        "fields": {
            "name": "Can add Posici\u00f3n",
            "content_type": 10,
            "codename": "add_position"
        }
    },
    {
        "model": "auth.permission",
        "pk": 29,
        "fields": {
            "name": "Can change Posici\u00f3n",
            "content_type": 10,
            "codename": "change_position"
        }
    },
    {
        "model": "auth.permission",
        "pk": 30,
        "fields": {
            "name": "Can delete Posici\u00f3n",
            "content_type": 10,
            "codename": "delete_position"
        }
    },
    {
        "model": "auth.permission",
        "pk": 31,
        "fields": {
            "name": "Can add P\u00e1gina",
            "content_type": 11,
            "codename": "add_pages"
        }
    },
    {
        "model": "auth.permission",
        "pk": 32,
        "fields": {
            "name": "Can change P\u00e1gina",
            "content_type": 11,
            "codename": "change_pages"
        }
    },
    {
        "model": "auth.permission",
        "pk": 33,
        "fields": {
            "name": "Can delete P\u00e1gina",
            "content_type": 11,
            "codename": "delete_pages"
        }
    },
    {
        "model": "auth.permission",
        "pk": 34,
        "fields": {
            "name": "Can add Carousel",
            "content_type": 12,
            "codename": "add_carousel"
        }
    },
    {
        "model": "auth.permission",
        "pk": 35,
        "fields": {
            "name": "Can change Carousel",
            "content_type": 12,
            "codename": "change_carousel"
        }
    },
    {
        "model": "auth.permission",
        "pk": 36,
        "fields": {
            "name": "Can delete Carousel",
            "content_type": 12,
            "codename": "delete_carousel"
        }
    },
    {
        "model": "auth.permission",
        "pk": 37,
        "fields": {
            "name": "Can add Im\u00e1gen del carousel",
            "content_type": 13,
            "codename": "add_carouselimage"
        }
    },
    {
        "model": "auth.permission",
        "pk": 38,
        "fields": {
            "name": "Can change Im\u00e1gen del carousel",
            "content_type": 13,
            "codename": "change_carouselimage"
        }
    },
    {
        "model": "auth.permission",
        "pk": 39,
        "fields": {
            "name": "Can delete Im\u00e1gen del carousel",
            "content_type": 13,
            "codename": "delete_carouselimage"
        }
    },
    {
        "model": "auth.permission",
        "pk": 40,
        "fields": {
            "name": "Can add Widget",
            "content_type": 14,
            "codename": "add_widget"
        }
    },
    {
        "model": "auth.permission",
        "pk": 41,
        "fields": {
            "name": "Can change Widget",
            "content_type": 14,
            "codename": "change_widget"
        }
    },
    {
        "model": "auth.permission",
        "pk": 42,
        "fields": {
            "name": "Can delete Widget",
            "content_type": 14,
            "codename": "delete_widget"
        }
    },
    {
        "model": "auth.permission",
        "pk": 43,
        "fields": {
            "name": "Can add Informacion del sitio",
            "content_type": 15,
            "codename": "add_site"
        }
    },
    {
        "model": "auth.permission",
        "pk": 44,
        "fields": {
            "name": "Can change Informacion del sitio",
            "content_type": 15,
            "codename": "change_site"
        }
    },
    {
        "model": "auth.permission",
        "pk": 45,
        "fields": {
            "name": "Can delete Informacion del sitio",
            "content_type": 15,
            "codename": "delete_site"
        }
    },
    {
        "model": "auth.permission",
        "pk": 46,
        "fields": {
            "name": "Can add Perfiles de redes sociales",
            "content_type": 16,
            "codename": "add_socialmedia"
        }
    },
    {
        "model": "auth.permission",
        "pk": 47,
        "fields": {
            "name": "Can change Perfiles de redes sociales",
            "content_type": 16,
            "codename": "change_socialmedia"
        }
    },
    {
        "model": "auth.permission",
        "pk": 48,
        "fields": {
            "name": "Can delete Perfiles de redes sociales",
            "content_type": 16,
            "codename": "delete_socialmedia"
        }
    },
    {
        "model": "auth.permission",
        "pk": 49,
        "fields": {
            "name": "Can add Articulo del blog",
            "content_type": 17,
            "codename": "add_post"
        }
    },
    {
        "model": "auth.permission",
        "pk": 50,
        "fields": {
            "name": "Can change Articulo del blog",
            "content_type": 17,
            "codename": "change_post"
        }
    },
    {
        "model": "auth.permission",
        "pk": 51,
        "fields": {
            "name": "Can delete Articulo del blog",
            "content_type": 17,
            "codename": "delete_post"
        }
    },
    {
        "model": "auth.permission",
        "pk": 52,
        "fields": {
            "name": "Can add Comentario",
            "content_type": 18,
            "codename": "add_comment"
        }
    },
    {
        "model": "auth.permission",
        "pk": 53,
        "fields": {
            "name": "Can change Comentario",
            "content_type": 18,
            "codename": "change_comment"
        }
    },
    {
        "model": "auth.permission",
        "pk": 54,
        "fields": {
            "name": "Can delete Comentario",
            "content_type": 18,
            "codename": "delete_comment"
        }
    },
    {
        "model": "auth.permission",
        "pk": 55,
        "fields": {
            "name": "Can add Servicio",
            "content_type": 19,
            "codename": "add_service"
        }
    },
    {
        "model": "auth.permission",
        "pk": 56,
        "fields": {
            "name": "Can change Servicio",
            "content_type": 19,
            "codename": "change_service"
        }
    },
    {
        "model": "auth.permission",
        "pk": 57,
        "fields": {
            "name": "Can delete Servicio",
            "content_type": 19,
            "codename": "delete_service"
        }
    },
    {
        "model": "auth.permission",
        "pk": 58,
        "fields": {
            "name": "Can add Im\u00e1gen del carousel",
            "content_type": 20,
            "codename": "add_serviceimage"
        }
    },
    {
        "model": "auth.permission",
        "pk": 59,
        "fields": {
            "name": "Can change Im\u00e1gen del carousel",
            "content_type": 20,
            "codename": "change_serviceimage"
        }
    },
    {
        "model": "auth.permission",
        "pk": 60,
        "fields": {
            "name": "Can delete Im\u00e1gen del carousel",
            "content_type": 20,
            "codename": "delete_serviceimage"
        }
    },
    {
        "model": "auth.permission",
        "pk": 61,
        "fields": {
            "name": "Can add Frecuencia de visita",
            "content_type": 21,
            "codename": "add_frecuency"
        }
    },
    {
        "model": "auth.permission",
        "pk": 62,
        "fields": {
            "name": "Can change Frecuencia de visita",
            "content_type": 21,
            "codename": "change_frecuency"
        }
    },
    {
        "model": "auth.permission",
        "pk": 63,
        "fields": {
            "name": "Can delete Frecuencia de visita",
            "content_type": 21,
            "codename": "delete_frecuency"
        }
    },
    {
        "model": "auth.permission",
        "pk": 64,
        "fields": {
            "name": "Can add Perfil de usuario",
            "content_type": 22,
            "codename": "add_profile"
        }
    },
    {
        "model": "auth.permission",
        "pk": 65,
        "fields": {
            "name": "Can change Perfil de usuario",
            "content_type": 22,
            "codename": "change_profile"
        }
    },
    {
        "model": "auth.permission",
        "pk": 66,
        "fields": {
            "name": "Can delete Perfil de usuario",
            "content_type": 22,
            "codename": "delete_profile"
        }
    },
    {
        "model": "auth.permission",
        "pk": 67,
        "fields": {
            "name": "Can add Foto",
            "content_type": 23,
            "codename": "add_photo"
        }
    },
    {
        "model": "auth.permission",
        "pk": 68,
        "fields": {
            "name": "Can change Foto",
            "content_type": 23,
            "codename": "change_photo"
        }
    },
    {
        "model": "auth.permission",
        "pk": 69,
        "fields": {
            "name": "Can delete Foto",
            "content_type": 23,
            "codename": "delete_photo"
        }
    },
    {
        "model": "auth.permission",
        "pk": 70,
        "fields": {
            "name": "Can add Linea",
            "content_type": 24,
            "codename": "add_line"
        }
    },
    {
        "model": "auth.permission",
        "pk": 71,
        "fields": {
            "name": "Can change Linea",
            "content_type": 24,
            "codename": "change_line"
        }
    },
    {
        "model": "auth.permission",
        "pk": 72,
        "fields": {
            "name": "Can delete Linea",
            "content_type": 24,
            "codename": "delete_line"
        }
    },
    {
        "model": "auth.permission",
        "pk": 73,
        "fields": {
            "name": "Can add Sublinea",
            "content_type": 25,
            "codename": "add_subline"
        }
    },
    {
        "model": "auth.permission",
        "pk": 74,
        "fields": {
            "name": "Can change Sublinea",
            "content_type": 25,
            "codename": "change_subline"
        }
    },
    {
        "model": "auth.permission",
        "pk": 75,
        "fields": {
            "name": "Can delete Sublinea",
            "content_type": 25,
            "codename": "delete_subline"
        }
    },
    {
        "model": "auth.permission",
        "pk": 76,
        "fields": {
            "name": "Can add Color",
            "content_type": 26,
            "codename": "add_color"
        }
    },
    {
        "model": "auth.permission",
        "pk": 77,
        "fields": {
            "name": "Can change Color",
            "content_type": 26,
            "codename": "change_color"
        }
    },
    {
        "model": "auth.permission",
        "pk": 78,
        "fields": {
            "name": "Can delete Color",
            "content_type": 26,
            "codename": "delete_color"
        }
    },
    {
        "model": "auth.permission",
        "pk": 79,
        "fields": {
            "name": "Can add Tipo de art\u00edculo",
            "content_type": 27,
            "codename": "add_type"
        }
    },
    {
        "model": "auth.permission",
        "pk": 80,
        "fields": {
            "name": "Can change Tipo de art\u00edculo",
            "content_type": 27,
            "codename": "change_type"
        }
    },
    {
        "model": "auth.permission",
        "pk": 81,
        "fields": {
            "name": "Can delete Tipo de art\u00edculo",
            "content_type": 27,
            "codename": "delete_type"
        }
    },
    {
        "model": "auth.permission",
        "pk": 82,
        "fields": {
            "name": "Can add Proveedor",
            "content_type": 28,
            "codename": "add_provider"
        }
    },
    {
        "model": "auth.permission",
        "pk": 83,
        "fields": {
            "name": "Can change Proveedor",
            "content_type": 28,
            "codename": "change_provider"
        }
    },
    {
        "model": "auth.permission",
        "pk": 84,
        "fields": {
            "name": "Can delete Proveedor",
            "content_type": 28,
            "codename": "delete_provider"
        }
    },
    {
        "model": "auth.permission",
        "pk": 85,
        "fields": {
            "name": "Can add Departamento",
            "content_type": 29,
            "codename": "add_department"
        }
    },
    {
        "model": "auth.permission",
        "pk": 86,
        "fields": {
            "name": "Can change Departamento",
            "content_type": 29,
            "codename": "change_department"
        }
    },
    {
        "model": "auth.permission",
        "pk": 87,
        "fields": {
            "name": "Can delete Departamento",
            "content_type": 29,
            "codename": "delete_department"
        }
    },
    {
        "model": "auth.permission",
        "pk": 88,
        "fields": {
            "name": "Can add Categor\u00eda",
            "content_type": 30,
            "codename": "add_category"
        }
    },
    {
        "model": "auth.permission",
        "pk": 89,
        "fields": {
            "name": "Can change Categor\u00eda",
            "content_type": 30,
            "codename": "change_category"
        }
    },
    {
        "model": "auth.permission",
        "pk": 90,
        "fields": {
            "name": "Can delete Categor\u00eda",
            "content_type": 30,
            "codename": "delete_category"
        }
    },
    {
        "model": "auth.permission",
        "pk": 91,
        "fields": {
            "name": "Can add Art\u00edculo",
            "content_type": 31,
            "codename": "add_article"
        }
    },
    {
        "model": "auth.permission",
        "pk": 92,
        "fields": {
            "name": "Can change Art\u00edculo",
            "content_type": 31,
            "codename": "change_article"
        }
    },
    {
        "model": "auth.permission",
        "pk": 93,
        "fields": {
            "name": "Can delete Art\u00edculo",
            "content_type": 31,
            "codename": "delete_article"
        }
    },
    {
        "model": "auth.permission",
        "pk": 94,
        "fields": {
            "name": "Can add partial",
            "content_type": 32,
            "codename": "add_partial"
        }
    },
    {
        "model": "auth.permission",
        "pk": 95,
        "fields": {
            "name": "Can change partial",
            "content_type": 32,
            "codename": "change_partial"
        }
    },
    {
        "model": "auth.permission",
        "pk": 96,
        "fields": {
            "name": "Can delete partial",
            "content_type": 32,
            "codename": "delete_partial"
        }
    },
    {
        "model": "auth.permission",
        "pk": 97,
        "fields": {
            "name": "Can add nonce",
            "content_type": 33,
            "codename": "add_nonce"
        }
    },
    {
        "model": "auth.permission",
        "pk": 98,
        "fields": {
            "name": "Can change nonce",
            "content_type": 33,
            "codename": "change_nonce"
        }
    },
    {
        "model": "auth.permission",
        "pk": 99,
        "fields": {
            "name": "Can delete nonce",
            "content_type": 33,
            "codename": "delete_nonce"
        }
    },
    {
        "model": "auth.permission",
        "pk": 100,
        "fields": {
            "name": "Can add association",
            "content_type": 34,
            "codename": "add_association"
        }
    },
    {
        "model": "auth.permission",
        "pk": 101,
        "fields": {
            "name": "Can change association",
            "content_type": 34,
            "codename": "change_association"
        }
    },
    {
        "model": "auth.permission",
        "pk": 102,
        "fields": {
            "name": "Can delete association",
            "content_type": 34,
            "codename": "delete_association"
        }
    },
    {
        "model": "auth.permission",
        "pk": 103,
        "fields": {
            "name": "Can add code",
            "content_type": 35,
            "codename": "add_code"
        }
    },
    {
        "model": "auth.permission",
        "pk": 104,
        "fields": {
            "name": "Can change code",
            "content_type": 35,
            "codename": "change_code"
        }
    },
    {
        "model": "auth.permission",
        "pk": 105,
        "fields": {
            "name": "Can delete code",
            "content_type": 35,
            "codename": "delete_code"
        }
    },
    {
        "model": "auth.permission",
        "pk": 106,
        "fields": {
            "name": "Can add user social auth",
            "content_type": 36,
            "codename": "add_usersocialauth"
        }
    },
    {
        "model": "auth.permission",
        "pk": 107,
        "fields": {
            "name": "Can change user social auth",
            "content_type": 36,
            "codename": "change_usersocialauth"
        }
    },
    {
        "model": "auth.permission",
        "pk": 108,
        "fields": {
            "name": "Can delete user social auth",
            "content_type": 36,
            "codename": "delete_usersocialauth"
        }
    },
    {
        "model": "auth.permission",
        "pk": 109,
        "fields": {
            "name": "Can add kv store",
            "content_type": 37,
            "codename": "add_kvstore"
        }
    },
    {
        "model": "auth.permission",
        "pk": 110,
        "fields": {
            "name": "Can change kv store",
            "content_type": 37,
            "codename": "change_kvstore"
        }
    },
    {
        "model": "auth.permission",
        "pk": 111,
        "fields": {
            "name": "Can delete kv store",
            "content_type": 37,
            "codename": "delete_kvstore"
        }
    },
    {
        "model": "auth.user",
        "pk": 1,
        "fields": {
            "password": "pbkdf2_sha256$100000$Ck1hdyRNOEiC$eGRmyAClx7Jtg9oboTHOMXRBrkIfFHdQUBxTBYtxspo=",
            "last_login": "2018-02-27T13:12:45.688Z",
            "is_superuser": true,
            "username": "jhernandez.18p",
            "first_name": "",
            "last_name": "",
            "email": "jhernandez.18p@dev2tech.xyz",
            "is_staff": true,
            "is_active": true,
            "date_joined": "2018-02-26T19:23:53.513Z",
            "groups": [],
            "user_permissions": []
        }
    },
    {
        "model": "auth.user",
        "pk": 2,
        "fields": {
            "password": "pbkdf2_sha256$100000$gmsOF6w7W4Yc$V3H4SRnP4OC1Y8qLKv6YgxEgaFH/8OQQw4Z1g5mk/xQ=",
            "last_login": "2018-02-27T19:00:14.461Z",
            "is_superuser": true,
            "username": "admin",
            "first_name": "",
            "last_name": "",
            "email": "info@moby-group.com",
            "is_staff": true,
            "is_active": true,
            "date_joined": "2018-02-26T19:34:11Z",
            "groups": [],
            "user_permissions": []
        }
    },
    {
        "model": "blog.post",
        "pk": 1,
        "fields": {
            "author": 1,
            "updated_by": 1,
            "title": "Moby Supply",
            "sub_title": "Moby Supply",
            "text": "<p>Primer post</p>",
            "draft": false,
            "published": "2018-02-27",
            "read_time": null,
            "updated": "2018-02-27T15:46:27.349Z",
            "created_at": "2018-02-27T15:46:14.623Z",
            "img": "blog/post/2018/02/27/dark-blur-blurred-gradient.jpg",
            "img_height_field": 3744,
            "img_width_field": 5616,
            "background": "blog/post/2018/02/27/dark-blur-blurred-gradient_WhZPHTj.jpg",
            "background_width_field": 5616,
            "background_height_field": 3744,
            "slug": "moby-supply"
        }
    },
    {
        "model": "blog.comment",
        "pk": 1,
        "fields": {
            "author": 2,
            "content": "<p>este es un comentario</p>",
            "parent": null,
            "approved": true,
            "timestamp": "2018-02-27T16:21:41.507Z",
            "post": 1,
            "content_type": 17,
            "object_id": 1
        }
    },
    {
        "model": "admin.logentry",
        "pk": 1,
        "fields": {
            "action_time": "2018-02-26T19:34:56.161Z",
            "user": 1,
            "content_type": 2,
            "object_id": "2",
            "object_repr": "admin",
            "action_flag": 2,
            "change_message": "[{\"changed\": {\"fields\": [\"is_staff\", \"is_superuser\"]}}]"
        }
    },
    {
        "model": "admin.logentry",
        "pk": 2,
        "fields": {
            "action_time": "2018-02-27T13:21:19.003Z",
            "user": 1,
            "content_type": 8,
            "object_id": "1",
            "object_repr": "/privacidad -- Pol\u00edtica de privacidad",
            "action_flag": 1,
            "change_message": "[{\"added\": {}}]"
        }
    },
    {
        "model": "admin.logentry",
        "pk": 3,
        "fields": {
            "action_time": "2018-02-27T13:21:50.223Z",
            "user": 1,
            "content_type": 7,
            "object_id": "1",
            "object_repr": "moby-group.com",
            "action_flag": 2,
            "change_message": "[{\"changed\": {\"fields\": [\"domain\", \"name\"]}}]"
        }
    },
    {
        "model": "admin.logentry",
        "pk": 4,
        "fields": {
            "action_time": "2018-02-27T13:22:17.767Z",
            "user": 1,
            "content_type": 7,
            "object_id": "2",
            "object_repr": "moby.dev2tech.xyz",
            "action_flag": 1,
            "change_message": "[{\"added\": {}}]"
        }
    },
    {
        "model": "admin.logentry",
        "pk": 5,
        "fields": {
            "action_time": "2018-02-27T13:22:26.700Z",
            "user": 1,
            "content_type": 8,
            "object_id": "1",
            "object_repr": "/privacidad -- Pol\u00edtica de privacidad",
            "action_flag": 2,
            "change_message": "[{\"changed\": {\"fields\": [\"sites\"]}}]"
        }
    },
    {
        "model": "admin.logentry",
        "pk": 6,
        "fields": {
            "action_time": "2018-02-27T13:23:37.399Z",
            "user": 1,
            "content_type": 8,
            "object_id": "1",
            "object_repr": "/privacidad -- Pol\u00edtica de privacidad",
            "action_flag": 2,
            "change_message": "[{\"changed\": {\"fields\": [\"template_name\"]}}]"
        }
    },
    {
        "model": "admin.logentry",
        "pk": 7,
        "fields": {
            "action_time": "2018-02-27T13:26:40.319Z",
            "user": 1,
            "content_type": 8,
            "object_id": "1",
            "object_repr": "/privacidad/ -- Pol\u00edtica de privacidad",
            "action_flag": 2,
            "change_message": "[{\"changed\": {\"fields\": [\"url\"]}}]"
        }
    },
    {
        "model": "admin.logentry",
        "pk": 8,
        "fields": {
            "action_time": "2018-02-27T14:31:12.595Z",
            "user": 1,
            "content_type": 12,
            "object_id": "1",
            "object_repr": "Header carousel home",
            "action_flag": 1,
            "change_message": "[{\"added\": {}}, {\"added\": {\"name\": \"Im\\u00e1gen del carousel\", \"object\": \"Bienvenidos a Moby Supply\"}}]"
        }
    },
    {
        "model": "admin.logentry",
        "pk": 9,
        "fields": {
            "action_time": "2018-02-27T14:38:15.613Z",
            "user": 1,
            "content_type": 12,
            "object_id": "2",
            "object_repr": "Header carousel productos",
            "action_flag": 1,
            "change_message": "[{\"added\": {}}]"
        }
    },
    {
        "model": "admin.logentry",
        "pk": 10,
        "fields": {
            "action_time": "2018-02-27T14:40:37.389Z",
            "user": 1,
            "content_type": 12,
            "object_id": "2",
            "object_repr": "Header carousel productos",
            "action_flag": 2,
            "change_message": "[]"
        }
    },
    {
        "model": "admin.logentry",
        "pk": 11,
        "fields": {
            "action_time": "2018-02-27T14:40:54.307Z",
            "user": 1,
            "content_type": 12,
            "object_id": "2",
            "object_repr": "Header carousel productos",
            "action_flag": 2,
            "change_message": "[{\"added\": {\"name\": \"Im\\u00e1gen del carousel\", \"object\": \"Conozca nuestros productos\"}}]"
        }
    },
    {
        "model": "admin.logentry",
        "pk": 12,
        "fields": {
            "action_time": "2018-02-27T14:42:41.652Z",
            "user": 1,
            "content_type": 15,
            "object_id": "1",
            "object_repr": "Moby Supply",
            "action_flag": 2,
            "change_message": "[{\"changed\": {\"fields\": [\"title\", \"site_img\", \"services_img\", \"products_img\"]}}]"
        }
    },
    {
        "model": "admin.logentry",
        "pk": 13,
        "fields": {
            "action_time": "2018-02-27T14:52:45.718Z",
            "user": 1,
            "content_type": 19,
            "object_id": "1",
            "object_repr": "Cortes",
            "action_flag": 1,
            "change_message": "[{\"added\": {}}, {\"added\": {\"object\": \"Servicio de corte 01\", \"name\": \"Im\\u00e1gen del carousel\"}}, {\"added\": {\"object\": \"Servicio de corte 02\", \"name\": \"Im\\u00e1gen del carousel\"}}, {\"added\": {\"object\": \"Servicio de corte 03\", \"name\": \"Im\\u00e1gen del carousel\"}}]"
        }
    },
    {
        "model": "admin.logentry",
        "pk": 14,
        "fields": {
            "action_time": "2018-02-27T14:54:11.789Z",
            "user": 1,
            "content_type": 19,
            "object_id": "2",
            "object_repr": "Canteo",
            "action_flag": 1,
            "change_message": "[{\"added\": {}}, {\"added\": {\"object\": \"Servicio de canteo 01\", \"name\": \"Im\\u00e1gen del carousel\"}}]"
        }
    },
    {
        "model": "admin.logentry",
        "pk": 15,
        "fields": {
            "action_time": "2018-02-27T14:55:31.021Z",
            "user": 1,
            "content_type": 19,
            "object_id": "3",
            "object_repr": "Perforaci\u00f3n",
            "action_flag": 1,
            "change_message": "[{\"added\": {}}]"
        }
    },
    {
        "model": "admin.logentry",
        "pk": 16,
        "fields": {
            "action_time": "2018-02-27T14:59:14.756Z",
            "user": 1,
            "content_type": 30,
            "object_id": "1",
            "object_repr": "Cantos",
            "action_flag": 1,
            "change_message": "[{\"added\": {}}]"
        }
    },
    {
        "model": "admin.logentry",
        "pk": 17,
        "fields": {
            "action_time": "2018-02-27T15:00:28.430Z",
            "user": 1,
            "content_type": 29,
            "object_id": "1",
            "object_repr": "Cantos",
            "action_flag": 1,
            "change_message": "[{\"added\": {}}]"
        }
    },
    {
        "model": "admin.logentry",
        "pk": 18,
        "fields": {
            "action_time": "2018-02-27T15:00:58.583Z",
            "user": 1,
            "content_type": 29,
            "object_id": "2",
            "object_repr": "Sobre",
            "action_flag": 1,
            "change_message": "[{\"added\": {}}]"
        }
    },
    {
        "model": "admin.logentry",
        "pk": 19,
        "fields": {
            "action_time": "2018-02-27T15:01:30.390Z",
            "user": 1,
            "content_type": 29,
            "object_id": "3",
            "object_repr": "Laminas",
            "action_flag": 1,
            "change_message": "[{\"added\": {}}]"
        }
    },
    {
        "model": "admin.logentry",
        "pk": 20,
        "fields": {
            "action_time": "2018-02-27T15:01:55.897Z",
            "user": 1,
            "content_type": 29,
            "object_id": "4",
            "object_repr": "Herrajes",
            "action_flag": 1,
            "change_message": "[{\"added\": {}}]"
        }
    },
    {
        "model": "admin.logentry",
        "pk": 21,
        "fields": {
            "action_time": "2018-02-27T15:12:01.664Z",
            "user": 1,
            "content_type": 2,
            "object_id": "2",
            "object_repr": "admin",
            "action_flag": 2,
            "change_message": "[{\"changed\": {\"fields\": [\"password\"]}}]"
        }
    },
    {
        "model": "admin.logentry",
        "pk": 22,
        "fields": {
            "action_time": "2018-02-27T15:12:55.445Z",
            "user": 1,
            "content_type": 8,
            "object_id": "2",
            "object_repr": "/quienes-somos/ -- \u00bfQuienes somos?",
            "action_flag": 1,
            "change_message": "[{\"added\": {}}]"
        }
    },
    {
        "model": "admin.logentry",
        "pk": 23,
        "fields": {
            "action_time": "2018-02-27T15:13:22.854Z",
            "user": 1,
            "content_type": 8,
            "object_id": "3",
            "object_repr": "/preguntas-frecuentes/ -- Preguntas frecuentes",
            "action_flag": 1,
            "change_message": "[{\"added\": {}}]"
        }
    },
    {
        "model": "admin.logentry",
        "pk": 24,
        "fields": {
            "action_time": "2018-02-27T15:13:53.972Z",
            "user": 1,
            "content_type": 8,
            "object_id": "4",
            "object_repr": "/terminos-y-condiciones/ -- Terminos y condiciones",
            "action_flag": 1,
            "change_message": "[{\"added\": {}}]"
        }
    },
    {
        "model": "admin.logentry",
        "pk": 25,
        "fields": {
            "action_time": "2018-02-27T15:46:14.625Z",
            "user": 1,
            "content_type": 17,
            "object_id": "1",
            "object_repr": "Moby Supply",
            "action_flag": 1,
            "change_message": "[{\"added\": {}}]"
        }
    },
    {
        "model": "admin.logentry",
        "pk": 26,
        "fields": {
            "action_time": "2018-02-27T15:46:27.392Z",
            "user": 1,
            "content_type": 17,
            "object_id": "1",
            "object_repr": "Moby Supply",
            "action_flag": 2,
            "change_message": "[{\"changed\": {\"fields\": [\"img\", \"background\"]}}]"
        }
    },
    {
        "model": "admin.logentry",
        "pk": 27,
        "fields": {
            "action_time": "2018-02-27T16:09:43.497Z",
            "user": 2,
            "content_type": 26,
            "object_id": "1",
            "object_repr": "blanco",
            "action_flag": 1,
            "change_message": "[{\"added\": {}}]"
        }
    },
    {
        "model": "admin.logentry",
        "pk": 28,
        "fields": {
            "action_time": "2018-02-27T16:10:12.793Z",
            "user": 2,
            "content_type": 27,
            "object_id": "1",
            "object_repr": "VENTA",
            "action_flag": 1,
            "change_message": "[{\"added\": {}}]"
        }
    },
    {
        "model": "admin.logentry",
        "pk": 29,
        "fields": {
            "action_time": "2018-02-27T16:10:34.647Z",
            "user": 2,
            "content_type": 24,
            "object_id": "1",
            "object_repr": "CAN",
            "action_flag": 1,
            "change_message": "[{\"added\": {}}]"
        }
    },
    {
        "model": "admin.logentry",
        "pk": 30,
        "fields": {
            "action_time": "2018-02-27T16:11:04.674Z",
            "user": 2,
            "content_type": 28,
            "object_id": "1",
            "object_repr": "PROVEEDOR",
            "action_flag": 1,
            "change_message": "[{\"added\": {}}]"
        }
    },
    {
        "model": "admin.logentry",
        "pk": 31,
        "fields": {
            "action_time": "2018-02-27T16:11:19.050Z",
            "user": 2,
            "content_type": 25,
            "object_id": "1",
            "object_repr": "CANTO",
            "action_flag": 1,
            "change_message": "[{\"added\": {}}]"
        }
    },
    {
        "model": "admin.logentry",
        "pk": 32,
        "fields": {
            "action_time": "2018-02-27T16:11:36.593Z",
            "user": 2,
            "content_type": 31,
            "object_id": "1",
            "object_repr": "Article object (1)",
            "action_flag": 1,
            "change_message": "[{\"added\": {}}]"
        }
    },
    {
        "model": "admin.logentry",
        "pk": 33,
        "fields": {
            "action_time": "2018-02-27T16:24:39.483Z",
            "user": 2,
            "content_type": 15,
            "object_id": "1",
            "object_repr": "Moby Supply",
            "action_flag": 2,
            "change_message": "[{\"added\": {\"object\": \"MobySupply\", \"name\": \"Perfiles de redes sociales\"}}]"
        }
    },
    {
        "model": "admin.logentry",
        "pk": 34,
        "fields": {
            "action_time": "2018-02-27T16:25:44.786Z",
            "user": 2,
            "content_type": 15,
            "object_id": "1",
            "object_repr": "Moby Supply",
            "action_flag": 2,
            "change_message": "[{\"changed\": {\"fields\": [\"title\"], \"object\": \"MobySupply\", \"name\": \"Perfiles de redes sociales\"}}]"
        }
    },
    {
        "model": "admin.logentry",
        "pk": 35,
        "fields": {
            "action_time": "2018-02-27T16:40:23.650Z",
            "user": 2,
            "content_type": 15,
            "object_id": "1",
            "object_repr": "Moby Supply",
            "action_flag": 2,
            "change_message": "[{\"changed\": {\"fields\": [\"schedule\", \"workday\"]}}]"
        }
    },
    {
        "model": "admin.logentry",
        "pk": 36,
        "fields": {
            "action_time": "2018-02-27T16:40:51.411Z",
            "user": 2,
            "content_type": 15,
            "object_id": "1",
            "object_repr": "Moby Supply",
            "action_flag": 2,
            "change_message": "[{\"changed\": {\"fields\": [\"workday\"]}}]"
        }
    }
]