[{"model": "contenttypes.contenttype", "pk": 1, "fields": {"app_label": "admin", "model": "logentry"}}, {"model": "contenttypes.contenttype", "pk": 2, "fields": {"app_label": "auth", "model": "permission"}}, {"model": "contenttypes.contenttype", "pk": 3, "fields": {"app_label": "auth", "model": "group"}}, {"model": "contenttypes.contenttype", "pk": 4, "fields": {"app_label": "auth", "model": "user"}}, {"model": "contenttypes.contenttype", "pk": 5, "fields": {"app_label": "contenttypes", "model": "contenttype"}}, {"model": "contenttypes.contenttype", "pk": 6, "fields": {"app_label": "sessions", "model": "session"}}, {"model": "contenttypes.contenttype", "pk": 7, "fields": {"app_label": "sites", "model": "site"}}, {"model": "contenttypes.contenttype", "pk": 8, "fields": {"app_label": "flatpages", "model": "flatpage"}}, {"model": "contenttypes.contenttype", "pk": 9, "fields": {"app_label": "redirects", "model": "redirect"}}, {"model": "contenttypes.contenttype", "pk": 10, "fields": {"app_label": "base", "model": "position"}}, {"model": "contenttypes.contenttype", "pk": 11, "fields": {"app_label": "base", "model": "pages"}}, {"model": "contenttypes.contenttype", "pk": 12, "fields": {"app_label": "base", "model": "carousel"}}, {"model": "contenttypes.contenttype", "pk": 13, "fields": {"app_label": "base", "model": "carouselimage"}}, {"model": "contenttypes.contenttype", "pk": 14, "fields": {"app_label": "base", "model": "widget"}}, {"model": "contenttypes.contenttype", "pk": 15, "fields": {"app_label": "base", "model": "site"}}, {"model": "contenttypes.contenttype", "pk": 16, "fields": {"app_label": "base", "model": "socialmedia"}}, {"model": "contenttypes.contenttype", "pk": 17, "fields": {"app_label": "blog", "model": "post"}}, {"model": "contenttypes.contenttype", "pk": 18, "fields": {"app_label": "blog", "model": "comment"}}, {"model": "contenttypes.contenttype", "pk": 19, "fields": {"app_label": "services", "model": "service"}}, {"model": "contenttypes.contenttype", "pk": 20, "fields": {"app_label": "services", "model": "serviceimage"}}, {"model": "contenttypes.contenttype", "pk": 21, "fields": {"app_label": "user", "model": "frecuency"}}, {"model": "contenttypes.contenttype", "pk": 22, "fields": {"app_label": "user", "model": "profile"}}, {"model": "contenttypes.contenttype", "pk": 23, "fields": {"app_label": "ventas", "model": "photo"}}, {"model": "contenttypes.contenttype", "pk": 24, "fields": {"app_label": "ventas", "model": "line"}}, {"model": "contenttypes.contenttype", "pk": 25, "fields": {"app_label": "ventas", "model": "subline"}}, {"model": "contenttypes.contenttype", "pk": 26, "fields": {"app_label": "ventas", "model": "color"}}, {"model": "contenttypes.contenttype", "pk": 27, "fields": {"app_label": "ventas", "model": "type"}}, {"model": "contenttypes.contenttype", "pk": 28, "fields": {"app_label": "ventas", "model": "provider"}}, {"model": "contenttypes.contenttype", "pk": 29, "fields": {"app_label": "ventas", "model": "department"}}, {"model": "contenttypes.contenttype", "pk": 30, "fields": {"app_label": "ventas", "model": "category"}}, {"model": "contenttypes.contenttype", "pk": 31, "fields": {"app_label": "ventas", "model": "article"}}, {"model": "contenttypes.contenttype", "pk": 32, "fields": {"app_label": "social_django", "model": "association"}}, {"model": "contenttypes.contenttype", "pk": 33, "fields": {"app_label": "social_django", "model": "code"}}, {"model": "contenttypes.contenttype", "pk": 34, "fields": {"app_label": "social_django", "model": "nonce"}}, {"model": "contenttypes.contenttype", "pk": 35, "fields": {"app_label": "social_django", "model": "usersocialauth"}}, {"model": "contenttypes.contenttype", "pk": 36, "fields": {"app_label": "social_django", "model": "partial"}}, {"model": "contenttypes.contenttype", "pk": 37, "fields": {"app_label": "thumbnail", "model": "kvstore"}}, {"model": "sessions.session", "pk": "3q2b81ml0iga6pa4sv6ykmgt31qr87uq", "fields": {"session_data": "MjQ5MmY3ZmEzYmQyNTgxZmExMDlmMmUzYzY1MWQwNDJjYTkwNzcxNDp7Il9hdXRoX3VzZXJfaWQiOiIxIiwiX2F1dGhfdXNlcl9iYWNrZW5kIjoiYXBwLnNldHRpbmdzLkVtYWlsQmFja2VuZC5FbWFpbEJhY2tlbmQiLCJfYXV0aF91c2VyX2hhc2giOiJkNmZhYmE2MjgxNjM4YWRhZTVjMmNkOWQ5ZTRlNDJiZDYzZmE3MzQzIn0=", "expire_date": "2018-02-24T06:52:16.152Z"}}, {"model": "sessions.session", "pk": "94r9uyshjvynaqvjasn91kz5mbggv75t", "fields": {"session_data": "MjQ5MmY3ZmEzYmQyNTgxZmExMDlmMmUzYzY1MWQwNDJjYTkwNzcxNDp7Il9hdXRoX3VzZXJfaWQiOiIxIiwiX2F1dGhfdXNlcl9iYWNrZW5kIjoiYXBwLnNldHRpbmdzLkVtYWlsQmFja2VuZC5FbWFpbEJhY2tlbmQiLCJfYXV0aF91c2VyX2hhc2giOiJkNmZhYmE2MjgxNjM4YWRhZTVjMmNkOWQ5ZTRlNDJiZDYzZmE3MzQzIn0=", "expire_date": "2018-02-26T16:08:48.614Z"}}, {"model": "sessions.session", "pk": "panh76z1mns1y1sang159qzxxuw3t26j", "fields": {"session_data": "MjQ5MmY3ZmEzYmQyNTgxZmExMDlmMmUzYzY1MWQwNDJjYTkwNzcxNDp7Il9hdXRoX3VzZXJfaWQiOiIxIiwiX2F1dGhfdXNlcl9iYWNrZW5kIjoiYXBwLnNldHRpbmdzLkVtYWlsQmFja2VuZC5FbWFpbEJhY2tlbmQiLCJfYXV0aF91c2VyX2hhc2giOiJkNmZhYmE2MjgxNjM4YWRhZTVjMmNkOWQ5ZTRlNDJiZDYzZmE3MzQzIn0=", "expire_date": "2018-02-27T04:32:36.030Z"}}, {"model": "sessions.session", "pk": "qjizrg8jlth3rrmdrlqafdjfj0gyshwd", "fields": {"session_data": "MjQ5MmY3ZmEzYmQyNTgxZmExMDlmMmUzYzY1MWQwNDJjYTkwNzcxNDp7Il9hdXRoX3VzZXJfaWQiOiIxIiwiX2F1dGhfdXNlcl9iYWNrZW5kIjoiYXBwLnNldHRpbmdzLkVtYWlsQmFja2VuZC5FbWFpbEJhY2tlbmQiLCJfYXV0aF91c2VyX2hhc2giOiJkNmZhYmE2MjgxNjM4YWRhZTVjMmNkOWQ5ZTRlNDJiZDYzZmE3MzQzIn0=", "expire_date": "2018-02-16T22:17:38.375Z"}}, {"model": "sessions.session", "pk": "u4h3up4jcfcvvwiwfkyaye8bd41vwybl", "fields": {"session_data": "MjQ5MmY3ZmEzYmQyNTgxZmExMDlmMmUzYzY1MWQwNDJjYTkwNzcxNDp7Il9hdXRoX3VzZXJfaWQiOiIxIiwiX2F1dGhfdXNlcl9iYWNrZW5kIjoiYXBwLnNldHRpbmdzLkVtYWlsQmFja2VuZC5FbWFpbEJhY2tlbmQiLCJfYXV0aF91c2VyX2hhc2giOiJkNmZhYmE2MjgxNjM4YWRhZTVjMmNkOWQ5ZTRlNDJiZDYzZmE3MzQzIn0=", "expire_date": "2018-02-24T06:12:47.297Z"}}, {"model": "sites.site", "pk": 1, "fields": {"domain": "example.com", "name": "example.com"}}, {"model": "base.position", "pk": 1, "fields": {"name": "header", "description": ""}}, {"model": "base.position", "pk": 2, "fields": {"name": "section", "description": ""}}, {"model": "base.position", "pk": 3, "fields": {"name": "footer", "description": ""}}, {"model": "base.pages", "pk": 1, "fields": {"name": "inicio", "description": "", "have_icon": false, "url": "/"}}, {"model": "base.pages", "pk": 2, "fields": {"name": "servicios", "description": "", "have_icon": false, "url": "/servicios"}}, {"model": "base.pages", "pk": 3, "fields": {"name": "productos", "description": "", "have_icon": false, "url": "/productos"}}, {"model": "base.pages", "pk": 4, "fields": {"name": "blog", "description": "", "have_icon": false, "url": "/blog"}}, {"model": "base.pages", "pk": 5, "fields": {"name": "contacto", "description": "", "have_icon": false, "url": "/contacto"}}, {"model": "base.pages", "pk": 6, "fields": {"name": "search", "description": "", "have_icon": true, "url": "/busqueda"}}, {"model": "base.carousel", "pk": 1, "fields": {"name": "Home Header", "description": "<p>home_header_carousel</p>", "page": 1, "position": 1, "crated_at": "2018-02-16T10:45:31.812Z"}}, {"model": "base.carousel", "pk": 2, "fields": {"name": "Header Products", "description": "<p>Lorem ipsum dolor sit amet consectetur adipisicing elit.Lorem ipsum dolor sit amet consectetur adipisicing elit.Lorem ipsum dolor sit amet consectetur adipisicing elit.Lorem ipsum dolor sit amet consectetur adipisicing elit.Lorem ipsum dolor sit amet consectetur adipisicing elit.</p>", "page": 3, "position": 1, "crated_at": "2018-02-16T12:40:38.529Z"}}, {"model": "base.carouselimage", "pk": 1, "fields": {"Carousel": 1, "image": "frontend/pexels-photo-128639.jpeg", "name": "Imagen 01", "text": "<p>loremip sum</p>", "call_to_action_url": null, "uploaded_at": "2018-02-16T10:45:31.826Z"}}, {"model": "base.carouselimage", "pk": 2, "fields": {"Carousel": 1, "image": "frontend/pexels-photo-128639_6IipQzv.jpeg", "name": "Imagen 02", "text": "<p>lorem lorem</p>", "call_to_action_url": null, "uploaded_at": "2018-02-16T10:45:31.840Z"}}, {"model": "base.carouselimage", "pk": 3, "fields": {"Carousel": 2, "image": "frontend/bg-030.jpg", "name": "Header Products 01", "text": "<p>Lorem ipsum dolor sit amet consectetur adipisicing elit.Lorem ipsum dolor sit amet consectetur adipisicing elit.Lorem ipsum dolor sit amet consectetur adipisicing elit.Lorem ipsum dolor sit amet consectetur adipisicing elit.</p>", "call_to_action_url": null, "uploaded_at": "2018-02-16T12:40:04.614Z"}}, {"model": "base.carouselimage", "pk": 4, "fields": {"Carousel": 2, "image": "frontend/AdobeStock_83839997.jpeg", "name": "Header Products 02", "text": "<p>Lorem ipsum dolor sit amet consectetur adipisicing elit.Lorem ipsum dolor sit amet consectetur adipisicing elit.Lorem ipsum dolor sit amet consectetur adipisicing elit.Lorem ipsum dolor sit amet consectetur adipisicing elit.Lorem ipsum dolor sit amet consectetur adipisicing elit.</p>", "call_to_action_url": null, "uploaded_at": "2018-02-16T12:40:38.536Z"}}, {"model": "base.site", "pk": 1, "fields": {"name": "Moby Supply", "title": "Moby Supply", "description": "<p>Lorem ipsum dolor sit amet consectetur adipisicing elit. Atque aliquid quisquam esse officiis vel ex maiores doloribus voluptas quia autem saepe, harum, quibusdam, magnam animi impedit explicabo eligendi obcaecati minus!</p>\r\n\r\n<p>Lorem ipsum dolor sit amet consectetur adipisicing elit. Atque aliquid quisquam esse officiis vel ex maiores doloribus voluptas quia autem saepe, harum, quibusdam, magnam animi impedit explicabo eligendi obcaecati minus!</p>\r\n\r\n<p>Lorem ipsum dolor sit amet consectetur adipisicing elit. Atque aliquid quisquam esse officiis vel ex maiores doloribus voluptas quia autem saepe, harum, quibusdam, magnam animi impedit explicabo eligendi obcaecati minus!</p>", "short_description": "<p>Lorem ipsum dolor sit amet consectetur adipisicing elit. Atque aliquid quisquam esse officiis vel ex maiores doloribus voluptas quia autem saepe, harum, quibusdam, magnam animi impedit explicabo eligendi obcaecati minus!</p>", "url": "https://www.mobby-group.com", "phone": "+(507) 800 MOBY", "phone2": "+(507)-800-6629", "email": "info@moby-group.com", "email2": "sale@moby-group.com", "schedule": "8:00 am - 5:00 pm", "workday": "Lun - Vie", "address": "Ernesto T. Lefevre, diagonal a Waikiki, Panama Panam\u00e1 <br>Ciudad de Panam\u00e1", "address1": null, "logo": "sales/site/2018/02/26/logo.png", "site_img": "site/corte-laser-madera.jpg", "services_img": "site/pexels-photo-276651.jpeg", "products_img": "site/LOGO_CON_SLOGAN_QWaqnRQ.png"}}, {"model": "base.socialmedia", "pk": 1, "fields": {"site": 1, "name": "Facebook", "url": "Https://facebook.com/dev2tech", "icon": "fa-facebook", "title": "Facebook dev2tech"}}, {"model": "services.service", "pk": 1, "fields": {"name": "Cortes", "title": "Cortes", "content": "<p>Lorem ipsum dolor sit amet consectetur adipisicing elit. Vitae cupiditate dolores ipsa, eos mollitia tempore aliquid repudiandae placeat ratione molestias, perspiciatis nobis consequatur ex voluptate unde minus quae repellendus.&nbsp;</p>", "slug": "cortes", "image": "service/0o1a8018-2342.jpg", "background": "service/1920x1200-data_images-out-28-963584-ai.jpg"}}, {"model": "services.serviceimage", "pk": 1, "fields": {"Service": 1, "image": "service/AdobeStock_81327271.jpeg", "name": "Imagen cortes 01", "text": "<p>Lorem ipsum dolor sit amet consectetur adipisicing elit. Vitae cupiditate dolores ipsa, eos mollitia tempore aliquid repudiandae placeat ratione molestias, perspiciatis nobis consequatur ex voluptate unde minus quae repellendus.&nbsp;</p>", "uploaded_at": "2018-02-16T12:36:54.565Z"}}, {"model": "services.serviceimage", "pk": 2, "fields": {"Service": 1, "image": "service/29.jpg", "name": "Imagen cortes 02", "text": "<p>Lorem ipsum dolor sit amet consectetur adipisicing elit. Vitae cupiditate dolores ipsa, eos mollitia tempore aliquid repudiandae placeat ratione molestias, perspiciatis nobis consequatur ex voluptate unde minus quae repellendus.&nbsp;</p>", "uploaded_at": "2018-02-16T12:28:55.753Z"}}, {"model": "services.serviceimage", "pk": 3, "fields": {"Service": 1, "image": "service/7.jpg", "name": "Imagen cortes 03", "text": "<p>Lorem ipsum dolor sit amet consectetur adipisicing elit. Vitae cupiditate dolores ipsa, eos mollitia tempore aliquid repudiandae placeat ratione molestias, perspiciatis nobis consequatur ex voluptate unde minus quae repellendus.&nbsp;</p>", "uploaded_at": "2018-02-16T12:28:55.761Z"}}, {"model": "ventas.line", "pk": 1, "fields": {"description": "<p>test</p>", "img": "sales/line/2018/02/25/moby-1024x1024_X3PAGtU.png", "name": "test"}}, {"model": "ventas.subline", "pk": 1, "fields": {"description": "<p>1</p>", "img": "", "name": "test 01", "parent": 1}}, {"model": "ventas.color", "pk": 1, "fields": {"description": "", "hex_code": "#000000", "name": "Negro"}}, {"model": "ventas.type", "pk": 1, "fields": {"background": "", "description": "", "img": "", "name": "cantos"}}, {"model": "ventas.provider", "pk": 1, "fields": {"background": "", "description": "<p>nuevo</p>", "img": "", "logo": "", "name": "nuevo", "slug": "nuevo", "website": ""}}, {"model": "ventas.department", "pk": 1, "fields": {"background": "pexels-photo-128639_y8sH1vT.jpeg", "description": "<p>Lorem ipsum dolor sit amet consectetur adipisicing elit. Sequi quidem ex libero possimus quae accusantium quasi inventore magnam totam id, incidunt aspernatur commodi! Explicabo laborum voluptas eveniet ratione aut accusantium.</p>\r\n\r\n<p>Lorem ipsum dolor sit amet consectetur adipisicing elit. Sequi quidem ex libero possimus quae accusantium quasi inventore magnam totam id, incidunt aspernatur commodi! Explicabo laborum voluptas eveniet ratione aut accusantium.</p>", "img": "corte-laser-madera.jpg", "name": "Cantos", "slug": "cantos"}}, {"model": "ventas.department", "pk": 2, "fields": {"background": "corte-laser-madera_pGvJlkS.jpg", "description": "<p>Lorem ipsum dolor sit amet consectetur, adipisicing elit. Voluptatibus temporibus eaque eveniet quos fuga hic facere natus porro et? Dolor accusantium asperiores ullam at ea laudantium ratione! Deserunt, praesentium natus.</p>\r\n\r\n<p>Lorem ipsum dolor sit amet consectetur, adipisicing elit. Voluptatibus temporibus eaque eveniet quos fuga hic facere natus porro et? Dolor accusantium asperiores ullam at ea laudantium ratione! Deserunt, praesentium natus.</p>\r\n\r\n<p>&nbsp;</p>", "img": "pexels-photo-128639_g7Wkyh7.jpeg", "name": "Herrajes", "slug": "herrajes"}}, {"model": "ventas.department", "pk": 3, "fields": {"background": "corte-laser-madera_liVFZBj.jpg", "description": "<p>Lorem ipsum dolor sit amet consectetur, adipisicing elit. Voluptatibus temporibus eaque eveniet quos fuga hic facere natus porro et? Dolor accusantium asperiores ullam at ea laudantium ratione! Deserunt, praesentium natus.</p>\r\n\r\n<p>Lorem ipsum dolor sit amet consectetur, adipisicing elit. Voluptatibus temporibus eaque eveniet quos fuga hic facere natus porro et? Dolor accusantium asperiores ullam at ea laudantium ratione! Deserunt, praesentium natus.</p>\r\n\r\n<p>Lorem ipsum dolor sit amet consectetur, adipisicing elit. Voluptatibus temporibus eaque eveniet quos fuga hic facere natus porro et? Dolor accusantium asperiores ullam at ea laudantium ratione! Deserunt, praesentium natus.</p>", "img": "pexels-photo-128639_Mf8BuH7.jpeg", "name": "Laminas", "slug": "laminas"}}, {"model": "ventas.department", "pk": 4, "fields": {"background": "corte-laser-madera_9zS2sRX.jpg", "description": "<p>Lorem ipsum dolor sit amet consectetur, adipisicing elit. Voluptatibus temporibus eaque eveniet quos fuga hic facere natus porro et? Dolor accusantium asperiores ullam at ea laudantium ratione! Deserunt, praesentium natus.</p>\r\n\r\n<p>Lorem ipsum dolor sit amet consectetur, adipisicing elit. Voluptatibus temporibus eaque eveniet quos fuga hic facere natus porro et? Dolor accusantium asperiores ullam at ea laudantium ratione! Deserunt, praesentium natus.</p>", "img": "pexels-photo-128639_Esa0PAr.jpeg", "name": "Sobres", "slug": "sobres"}}, {"model": "ventas.department", "pk": 5, "fields": {"background": "", "description": "<p>sss</p>", "img": "", "name": "nuevo", "slug": "nuevo"}}, {"model": "ventas.department", "pk": 6, "fields": {"background": "", "description": "<p>ddd</p>", "img": "", "name": "nuevo", "slug": "nuevo-5"}}, {"model": "ventas.department", "pk": 7, "fields": {"background": "", "description": "<p>ss</p>", "img": "", "name": "nuevo", "slug": "nuevo-5-6"}}, {"model": "ventas.category", "pk": 1, "fields": {"background": "", "description": "<p>test</p>", "img": "", "name": "test", "parent": null, "slug": ""}}, {"model": "ventas.article", "pk": 4, "fields": {"category": 1, "code": "030432145", "color": 1, "created_at": "2018-02-26T16:48:20.416Z", "department": 3, "description": "<p>Lorem ipsum dolor sit amet, consectetur adipisicing elit. Exercitationem deserunt placeat fuga eligendi, quis, inventore sed dolores nemo, quod excepturi dolore! Vitae possimus, at distinctio soluta numquam ut facilis dignissimos.Lorem ipsum dolor sit amet, consectetur adipisicing elit. Exercitationem deserunt placeat fuga eligendi, quis, inventore sed dolores nemo, quod excepturi dolore! Vitae possimus, at distinctio soluta numquam ut facilis dignissimos.</p>", "img": "sales/article/2018/02/26/moby-1024x1024_nJRRcWf.png", "imported": false, "is_shipping_required": false, "item_type": 1, "line": 1, "model": "", "name": "articulo 01", "origin": "", "picture": "", "price_1": null, "price_2": null, "price_3": null, "price_4": null, "price_5": null, "provider": 1, "ref": "", "sales_unit": "", "slug": "articulo-01", "stock": 0, "sub_line": 1, "updated": "2018-02-26T17:22:19.410Z"}}, {"model": "ventas.article", "pk": 5, "fields": {"category": 1, "code": "ewfwgfer", "color": 1, "created_at": "2018-02-26T18:03:46.339Z", "department": 1, "description": "<p>vrvrvr</p>", "img": "", "imported": false, "is_shipping_required": false, "item_type": 1, "line": 1, "model": "s", "name": "art 02", "origin": "", "picture": "", "price_1": null, "price_2": null, "price_3": null, "price_4": null, "price_5": null, "provider": 1, "ref": "", "sales_unit": "", "slug": "art-02", "stock": 0, "sub_line": 1, "updated": "2018-02-26T18:03:46.339Z"}}, {"model": "thumbnail.kvstore", "pk": "sorl-thumbnail||image||07675f53e03c81e02cce8bc58a755989", "fields": {"value": "{\"name\": \"cache/2e/19/2e1916324c20cbdf63a64abb705a3a05.jpg\", \"storage\": \"django.core.files.storage.FileSystemStorage\", \"size\": [1920, 1200]}"}}, {"model": "thumbnail.kvstore", "pk": "sorl-thumbnail||image||11834e50f090b5d6f3b610f4ab37e7fa", "fields": {"value": "{\"name\": \"cache/5d/0f/5d0f656332cf286ba3d511eb71b04a80.jpg\", \"storage\": \"django.core.files.storage.FileSystemStorage\", \"size\": [544, 340]}"}}, {"model": "thumbnail.kvstore", "pk": "sorl-thumbnail||image||16b3eedaa95df85ac64f1c4cf4a96a54", "fields": {"value": "{\"name\": \"cache/27/76/27764d9c438ea23991619828838b79f3.jpg\", \"storage\": \"django.core.files.storage.FileSystemStorage\", \"size\": [1200, 800]}"}}, {"model": "thumbnail.kvstore", "pk": "sorl-thumbnail||image||177ff97ea4b06d485a147cdbec3ffde2", "fields": {"value": "{\"name\": \"cache/82/63/82633e9f17ddfc4ee5ddddd0cc351ffb.jpg\", \"storage\": \"django.core.files.storage.FileSystemStorage\", \"size\": [992, 661]}"}}, {"model": "thumbnail.kvstore", "pk": "sorl-thumbnail||image||18a80820d2c29f07f77c16ce1c2a9651", "fields": {"value": "{\"name\": \"cache/62/aa/62aa936e0aba2c912f9edc829aa4b5b0.jpg\", \"storage\": \"django.core.files.storage.FileSystemStorage\", \"size\": [1200, 750]}"}}, {"model": "thumbnail.kvstore", "pk": "sorl-thumbnail||image||2046766ee0891deca27154a96863ab01", "fields": {"value": "{\"name\": \"cache/d4/7a/d47aa2f75a7329e72bcb10dac803bf4f.jpg\", \"storage\": \"django.core.files.storage.FileSystemStorage\", \"size\": [1920, 1280]}"}}, {"model": "thumbnail.kvstore", "pk": "sorl-thumbnail||image||2088cd5d7d9103228765dbcc73a6c923", "fields": {"value": "{\"name\": \"frontend/AdobeStock_83839997.jpeg\", \"storage\": \"django.core.files.storage.FileSystemStorage\", \"size\": [1500, 844]}"}}, {"model": "thumbnail.kvstore", "pk": "sorl-thumbnail||image||2412a832937840ea5094e0cfd6ce9da5", "fields": {"value": "{\"name\": \"site/LOGO_CON_SLOGAN.png\", \"storage\": \"django.core.files.storage.FileSystemStorage\", \"size\": [5400, 3600]}"}}, {"model": "thumbnail.kvstore", "pk": "sorl-thumbnail||image||26b3a67bdfbafb0385f1e98e2c94c7f8", "fields": {"value": "{\"name\": \"cache/da/0f/da0f98545e82e8485c0703dc875cf43e.jpg\", \"storage\": \"django.core.files.storage.FileSystemStorage\", \"size\": [1200, 800]}"}}, {"model": "thumbnail.kvstore", "pk": "sorl-thumbnail||image||326dd918f4816f6d40fd40d04fb0377a", "fields": {"value": "{\"name\": \"cache/0e/ea/0eead13773f99a41142d5b03669999e4.jpg\", \"storage\": \"django.core.files.storage.FileSystemStorage\", \"size\": [768, 512]}"}}, {"model": "thumbnail.kvstore", "pk": "sorl-thumbnail||image||4504d35e72a01eb66727053569f2d897", "fields": {"value": "{\"name\": \"cache/b7/ae/b7aee2cf9cd60fc6582a889005cac2c9.jpg\", \"storage\": \"django.core.files.storage.FileSystemStorage\", \"size\": [1200, 750]}"}}, {"model": "thumbnail.kvstore", "pk": "sorl-thumbnail||image||46d4005f0e1602913db49fc29a39f554", "fields": {"value": "{\"name\": \"cache/5d/31/5d310807f7722b3e1c19cd049ba7ef87.jpg\", \"storage\": \"django.core.files.storage.FileSystemStorage\", \"size\": [1920, 1280]}"}}, {"model": "thumbnail.kvstore", "pk": "sorl-thumbnail||image||4900a411c1534c75dcede6c11b6db12b", "fields": {"value": "{\"name\": \"cache/8e/9a/8e9ab521a9b98a21e7c76eb3b82811ed.jpg\", \"storage\": \"django.core.files.storage.FileSystemStorage\", \"size\": [768, 480]}"}}, {"model": "thumbnail.kvstore", "pk": "sorl-thumbnail||image||4a5938c6dd13d7a842c41d86c7c014c4", "fields": {"value": "{\"name\": \"cache/f9/ef/f9efdcf3acf12d483a4150b362ed2897.jpg\", \"storage\": \"django.core.files.storage.FileSystemStorage\", \"size\": [544, 363]}"}}, {"model": "thumbnail.kvstore", "pk": "sorl-thumbnail||image||4ccb9a79fc000b58b9483099668d6bfe", "fields": {"value": "{\"name\": \"cache/02/20/022043790f0ae5c10f6cf9251de5cd57.jpg\", \"storage\": \"django.core.files.storage.FileSystemStorage\", \"size\": [768, 512]}"}}, {"model": "thumbnail.kvstore", "pk": "sorl-thumbnail||image||50cc1680f6ddc36c05ef0a116bb817ae", "fields": {"value": "{\"name\": \"cache/c4/59/c459c910d97fe5ba18288c517553dfe1.jpg\", \"storage\": \"django.core.files.storage.FileSystemStorage\", \"size\": [1920, 1200]}"}}, {"model": "thumbnail.kvstore", "pk": "sorl-thumbnail||image||51a84c8736a2fe0f7ebe0783f7838b0c", "fields": {"value": "{\"name\": \"cache/0a/27/0a27bd623a6f2342d2f6a0763658c89b.jpg\", \"storage\": \"django.core.files.storage.FileSystemStorage\", \"size\": [544, 363]}"}}, {"model": "thumbnail.kvstore", "pk": "sorl-thumbnail||image||59de7cc174ab357da79db4060007c89a", "fields": {"value": "{\"name\": \"frontend/pexels-photo-128639_6IipQzv.jpeg\", \"storage\": \"django.core.files.storage.FileSystemStorage\", \"size\": [3072, 2048]}"}}, {"model": "thumbnail.kvstore", "pk": "sorl-thumbnail||image||5ee44eda0c62f79e76597bcdb0014995", "fields": {"value": "{\"name\": \"site/corte-laser-madera.jpg\", \"storage\": \"django.core.files.storage.FileSystemStorage\", \"size\": [640, 400]}"}}, {"model": "thumbnail.kvstore", "pk": "sorl-thumbnail||image||73a0ff8bb3d5832317b00cfc1cb14ff1", "fields": {"value": "{\"name\": \"cache/38/f4/38f4c892c69736850e2b98833d6ed86f.jpg\", \"storage\": \"django.core.files.storage.FileSystemStorage\", \"size\": [544, 363]}"}}, {"model": "thumbnail.kvstore", "pk": "sorl-thumbnail||image||75d8332c08f44dd31c94a74de1949041", "fields": {"value": "{\"name\": \"cache/b2/3f/b23f0d2a4520ba7a840848cd6559ee80.jpg\", \"storage\": \"django.core.files.storage.FileSystemStorage\", \"size\": [768, 512]}"}}, {"model": "thumbnail.kvstore", "pk": "sorl-thumbnail||image||776a9a902b9f9a29981d835c88166cb2", "fields": {"value": "{\"name\": \"cache/b8/ef/b8efb939a768cd44601eaaa4d79fecbe.jpg\", \"storage\": \"django.core.files.storage.FileSystemStorage\", \"size\": [992, 661]}"}}, {"model": "thumbnail.kvstore", "pk": "sorl-thumbnail||image||84aab9c7fffe9ac0fdf301b7bd52fce8", "fields": {"value": "{\"name\": \"cache/2e/63/2e631ceefd16edd053dad2edc7d9c11a.jpg\", \"storage\": \"django.core.files.storage.FileSystemStorage\", \"size\": [992, 661]}"}}, {"model": "thumbnail.kvstore", "pk": "sorl-thumbnail||image||8c0942576e9fb823330947f591ea01e2", "fields": {"value": "{\"name\": \"site/LOGO_CON_SLOGAN_QWaqnRQ.png\", \"storage\": \"django.core.files.storage.FileSystemStorage\", \"size\": [5400, 3600]}"}}, {"model": "thumbnail.kvstore", "pk": "sorl-thumbnail||image||921bc25402b66dc25677f045ba1b701a", "fields": {"value": "{\"name\": \"cache/f6/a6/f6a686c1ff8f6643c32698328b460803.jpg\", \"storage\": \"django.core.files.storage.FileSystemStorage\", \"size\": [1919, 1080]}"}}, {"model": "thumbnail.kvstore", "pk": "sorl-thumbnail||image||980c28afdf1a56db2b80b68bb3175c05", "fields": {"value": "{\"name\": \"frontend/pexels-photo-128639.jpeg\", \"storage\": \"django.core.files.storage.FileSystemStorage\", \"size\": [3072, 2048]}"}}, {"model": "thumbnail.kvstore", "pk": "sorl-thumbnail||image||9b39271977530d8bf8492a8f834948ba", "fields": {"value": "{\"name\": \"cache/32/46/32463179d87d2a051162e7b4e57cda5c.jpg\", \"storage\": \"django.core.files.storage.FileSystemStorage\", \"size\": [1200, 800]}"}}, {"model": "thumbnail.kvstore", "pk": "sorl-thumbnail||image||9da97736ce9b1763af2aa51afd2f0ce6", "fields": {"value": "{\"name\": \"cache/cc/ec/ccec936f1bd2a3e1844463ba321a60bc.jpg\", \"storage\": \"django.core.files.storage.FileSystemStorage\", \"size\": [768, 512]}"}}, {"model": "thumbnail.kvstore", "pk": "sorl-thumbnail||image||a2bef53dae249386cb79026d251df3ab", "fields": {"value": "{\"name\": \"cache/6e/04/6e04165a3304d26df21d547b58ef4419.jpg\", \"storage\": \"django.core.files.storage.FileSystemStorage\", \"size\": [768, 512]}"}}, {"model": "thumbnail.kvstore", "pk": "sorl-thumbnail||image||adab1970b9ecf17804eaa7dddb8613d4", "fields": {"value": "{\"name\": \"cache/92/88/9288ecdc1cddeb3382bd7ef171803b5d.jpg\", \"storage\": \"django.core.files.storage.FileSystemStorage\", \"size\": [768, 480]}"}}, {"model": "thumbnail.kvstore", "pk": "sorl-thumbnail||image||b0cf710401dc832c9c7c5b90a33f7fc9", "fields": {"value": "{\"name\": \"cache/9f/98/9f985245c227b8f3162e4b0a3496c98e.jpg\", \"storage\": \"django.core.files.storage.FileSystemStorage\", \"size\": [1920, 1280]}"}}, {"model": "thumbnail.kvstore", "pk": "sorl-thumbnail||image||b29e9b090ea8c96b9867d64f7dee8cd7", "fields": {"value": "{\"name\": \"cache/28/35/2835760486a5c90a57fc57e3af232c6b.jpg\", \"storage\": \"django.core.files.storage.FileSystemStorage\", \"size\": [1200, 800]}"}}, {"model": "thumbnail.kvstore", "pk": "sorl-thumbnail||image||b99e205394eab8edc1ebd75563d21c47", "fields": {"value": "{\"name\": \"site/pexels-photo-276651.jpeg\", \"storage\": \"django.core.files.storage.FileSystemStorage\", \"size\": [1920, 1280]}"}}, {"model": "thumbnail.kvstore", "pk": "sorl-thumbnail||image||ba9a7300afb9a09b1c3cdf2b8da91f92", "fields": {"value": "{\"name\": \"cache/b3/5c/b35cdb6cfc340dbce45078e214a24dcc.jpg\", \"storage\": \"django.core.files.storage.FileSystemStorage\", \"size\": [544, 363]}"}}, {"model": "thumbnail.kvstore", "pk": "sorl-thumbnail||image||bdaa7c24d398c589378f0ee11836a057", "fields": {"value": "{\"name\": \"cache/93/15/93158e9e9c4518e067686032fbeceed2.jpg\", \"storage\": \"django.core.files.storage.FileSystemStorage\", \"size\": [992, 661]}"}}, {"model": "thumbnail.kvstore", "pk": "sorl-thumbnail||image||ca054273c769c6bf121a6cebb7788825", "fields": {"value": "{\"name\": \"cache/81/cb/81cbce1d2158bead2ef6e65dbd032679.jpg\", \"storage\": \"django.core.files.storage.FileSystemStorage\", \"size\": [1920, 1280]}"}}, {"model": "thumbnail.kvstore", "pk": "sorl-thumbnail||image||ca40f7aacf35d29d172e463ba8a1a999", "fields": {"value": "{\"name\": \"frontend/bg-030.jpg\", \"storage\": \"django.core.files.storage.FileSystemStorage\", \"size\": [2560, 1600]}"}}, {"model": "thumbnail.kvstore", "pk": "sorl-thumbnail||image||cb79fe7af7f5107a9f89486c8d230591", "fields": {"value": "{\"name\": \"cache/91/34/913405bb7a315e479a9bdf9c87fb98bc.jpg\", \"storage\": \"django.core.files.storage.FileSystemStorage\", \"size\": [991, 661]}"}}, {"model": "thumbnail.kvstore", "pk": "sorl-thumbnail||image||cc63f7db53be6512d5021a84d96dc48b", "fields": {"value": "{\"name\": \"cache/e0/7a/e07a49242748f3fc645cb8a792be4753.jpg\", \"storage\": \"django.core.files.storage.FileSystemStorage\", \"size\": [1920, 1280]}"}}, {"model": "thumbnail.kvstore", "pk": "sorl-thumbnail||image||d48ae42f756e6c877601eac55cd65390", "fields": {"value": "{\"name\": \"cache/f5/52/f552a59c96f196b885d63ea646efc355.jpg\", \"storage\": \"django.core.files.storage.FileSystemStorage\", \"size\": [544, 340]}"}}, {"model": "thumbnail.kvstore", "pk": "sorl-thumbnail||image||d7b51982b8d60780330dadbabb59c07d", "fields": {"value": "{\"name\": \"cache/2f/b9/2fb9748a99c68a2f5c0fe2470ca47e87.jpg\", \"storage\": \"django.core.files.storage.FileSystemStorage\", \"size\": [544, 306]}"}}, {"model": "thumbnail.kvstore", "pk": "sorl-thumbnail||image||dc47cdcb4ce15185b14f30002d3965de", "fields": {"value": "{\"name\": \"cache/35/7d/357d6a2b3a1fcb381032966a1bce0393.jpg\", \"storage\": \"django.core.files.storage.FileSystemStorage\", \"size\": [544, 363]}"}}, {"model": "thumbnail.kvstore", "pk": "sorl-thumbnail||image||e3ac47c4fa5cf42bdd4ccee1198aba68", "fields": {"value": "{\"name\": \"cache/9d/e4/9de437ddd11b462c88cf2d49bbe6422f.jpg\", \"storage\": \"django.core.files.storage.FileSystemStorage\", \"size\": [992, 620]}"}}, {"model": "thumbnail.kvstore", "pk": "sorl-thumbnail||image||e615a00d31998ac277444670d4e4952a", "fields": {"value": "{\"name\": \"cache/f9/c4/f9c4eaa7334dfaaaf89e3f5444562980.jpg\", \"storage\": \"django.core.files.storage.FileSystemStorage\", \"size\": [992, 558]}"}}, {"model": "thumbnail.kvstore", "pk": "sorl-thumbnail||image||e8b02b127a626eb1a9ff37d493600f8c", "fields": {"value": "{\"name\": \"cache/6f/16/6f16f7a4d343d173e4383b5fca31e144.jpg\", \"storage\": \"django.core.files.storage.FileSystemStorage\", \"size\": [768, 432]}"}}, {"model": "thumbnail.kvstore", "pk": "sorl-thumbnail||image||ef22fa6bcb3431cb91b7d974e6c75092", "fields": {"value": "{\"name\": \"cache/e9/3c/e93cab97b9a1a6e32285413db5aceddf.jpg\", \"storage\": \"django.core.files.storage.FileSystemStorage\", \"size\": [1200, 675]}"}}, {"model": "thumbnail.kvstore", "pk": "sorl-thumbnail||image||f2bcfe7932e0472b91fbc40dd8c4d8f3", "fields": {"value": "{\"name\": \"cache/b8/d1/b8d114409eb171bf78a6a3e638f45537.jpg\", \"storage\": \"django.core.files.storage.FileSystemStorage\", \"size\": [1200, 800]}"}}, {"model": "thumbnail.kvstore", "pk": "sorl-thumbnail||image||f9904e75051f5270e89a60694c588d8b", "fields": {"value": "{\"name\": \"cache/e9/6a/e96a09259d1aee7a151a2d7b8ea2f68b.jpg\", \"storage\": \"django.core.files.storage.FileSystemStorage\", \"size\": [992, 620]}"}}, {"model": "thumbnail.kvstore", "pk": "sorl-thumbnail||thumbnails||2088cd5d7d9103228765dbcc73a6c923", "fields": {"value": "[\"921bc25402b66dc25677f045ba1b701a\", \"e615a00d31998ac277444670d4e4952a\", \"e8b02b127a626eb1a9ff37d493600f8c\", \"d7b51982b8d60780330dadbabb59c07d\", \"ef22fa6bcb3431cb91b7d974e6c75092\"]"}}, {"model": "thumbnail.kvstore", "pk": "sorl-thumbnail||thumbnails||2412a832937840ea5094e0cfd6ce9da5", "fields": {"value": "[\"177ff97ea4b06d485a147cdbec3ffde2\", \"4ccb9a79fc000b58b9483099668d6bfe\", \"26b3a67bdfbafb0385f1e98e2c94c7f8\", \"ba9a7300afb9a09b1c3cdf2b8da91f92\", \"46d4005f0e1602913db49fc29a39f554\"]"}}, {"model": "thumbnail.kvstore", "pk": "sorl-thumbnail||thumbnails||59de7cc174ab357da79db4060007c89a", "fields": {"value": "[\"776a9a902b9f9a29981d835c88166cb2\", \"9da97736ce9b1763af2aa51afd2f0ce6\", \"9b39271977530d8bf8492a8f834948ba\", \"dc47cdcb4ce15185b14f30002d3965de\", \"2046766ee0891deca27154a96863ab01\"]"}}, {"model": "thumbnail.kvstore", "pk": "sorl-thumbnail||thumbnails||5ee44eda0c62f79e76597bcdb0014995", "fields": {"value": "[\"f9904e75051f5270e89a60694c588d8b\", \"07675f53e03c81e02cce8bc58a755989\", \"d48ae42f756e6c877601eac55cd65390\", \"4900a411c1534c75dcede6c11b6db12b\", \"4504d35e72a01eb66727053569f2d897\"]"}}, {"model": "thumbnail.kvstore", "pk": "sorl-thumbnail||thumbnails||8c0942576e9fb823330947f591ea01e2", "fields": {"value": "[\"84aab9c7fffe9ac0fdf301b7bd52fce8\", \"cc63f7db53be6512d5021a84d96dc48b\", \"73a0ff8bb3d5832317b00cfc1cb14ff1\", \"75d8332c08f44dd31c94a74de1949041\", \"b29e9b090ea8c96b9867d64f7dee8cd7\"]"}}, {"model": "thumbnail.kvstore", "pk": "sorl-thumbnail||thumbnails||980c28afdf1a56db2b80b68bb3175c05", "fields": {"value": "[\"bdaa7c24d398c589378f0ee11836a057\", \"b0cf710401dc832c9c7c5b90a33f7fc9\", \"16b3eedaa95df85ac64f1c4cf4a96a54\", \"51a84c8736a2fe0f7ebe0783f7838b0c\", \"326dd918f4816f6d40fd40d04fb0377a\"]"}}, {"model": "thumbnail.kvstore", "pk": "sorl-thumbnail||thumbnails||b99e205394eab8edc1ebd75563d21c47", "fields": {"value": "[\"4a5938c6dd13d7a842c41d86c7c014c4\", \"a2bef53dae249386cb79026d251df3ab\", \"ca054273c769c6bf121a6cebb7788825\", \"f2bcfe7932e0472b91fbc40dd8c4d8f3\", \"cb79fe7af7f5107a9f89486c8d230591\"]"}}, {"model": "thumbnail.kvstore", "pk": "sorl-thumbnail||thumbnails||ca40f7aacf35d29d172e463ba8a1a999", "fields": {"value": "[\"adab1970b9ecf17804eaa7dddb8613d4\", \"50cc1680f6ddc36c05ef0a116bb817ae\", \"11834e50f090b5d6f3b610f4ab37e7fa\", \"e3ac47c4fa5cf42bdd4ccee1198aba68\", \"18a80820d2c29f07f77c16ce1c2a9651\"]"}}, {"model": "auth.permission", "pk": 1, "fields": {"name": "Can add log entry", "content_type": 1, "codename": "add_logentry"}}, {"model": "auth.permission", "pk": 2, "fields": {"name": "Can change log entry", "content_type": 1, "codename": "change_logentry"}}, {"model": "auth.permission", "pk": 3, "fields": {"name": "Can delete log entry", "content_type": 1, "codename": "delete_logentry"}}, {"model": "auth.permission", "pk": 4, "fields": {"name": "Can add permission", "content_type": 2, "codename": "add_permission"}}, {"model": "auth.permission", "pk": 5, "fields": {"name": "Can change permission", "content_type": 2, "codename": "change_permission"}}, {"model": "auth.permission", "pk": 6, "fields": {"name": "Can delete permission", "content_type": 2, "codename": "delete_permission"}}, {"model": "auth.permission", "pk": 7, "fields": {"name": "Can add group", "content_type": 3, "codename": "add_group"}}, {"model": "auth.permission", "pk": 8, "fields": {"name": "Can change group", "content_type": 3, "codename": "change_group"}}, {"model": "auth.permission", "pk": 9, "fields": {"name": "Can delete group", "content_type": 3, "codename": "delete_group"}}, {"model": "auth.permission", "pk": 10, "fields": {"name": "Can add user", "content_type": 4, "codename": "add_user"}}, {"model": "auth.permission", "pk": 11, "fields": {"name": "Can change user", "content_type": 4, "codename": "change_user"}}, {"model": "auth.permission", "pk": 12, "fields": {"name": "Can delete user", "content_type": 4, "codename": "delete_user"}}, {"model": "auth.permission", "pk": 13, "fields": {"name": "Can add content type", "content_type": 5, "codename": "add_contenttype"}}, {"model": "auth.permission", "pk": 14, "fields": {"name": "Can change content type", "content_type": 5, "codename": "change_contenttype"}}, {"model": "auth.permission", "pk": 15, "fields": {"name": "Can delete content type", "content_type": 5, "codename": "delete_contenttype"}}, {"model": "auth.permission", "pk": 16, "fields": {"name": "Can add session", "content_type": 6, "codename": "add_session"}}, {"model": "auth.permission", "pk": 17, "fields": {"name": "Can change session", "content_type": 6, "codename": "change_session"}}, {"model": "auth.permission", "pk": 18, "fields": {"name": "Can delete session", "content_type": 6, "codename": "delete_session"}}, {"model": "auth.permission", "pk": 19, "fields": {"name": "Can add site", "content_type": 7, "codename": "add_site"}}, {"model": "auth.permission", "pk": 20, "fields": {"name": "Can change site", "content_type": 7, "codename": "change_site"}}, {"model": "auth.permission", "pk": 21, "fields": {"name": "Can delete site", "content_type": 7, "codename": "delete_site"}}, {"model": "auth.permission", "pk": 22, "fields": {"name": "Can add flat page", "content_type": 8, "codename": "add_flatpage"}}, {"model": "auth.permission", "pk": 23, "fields": {"name": "Can change flat page", "content_type": 8, "codename": "change_flatpage"}}, {"model": "auth.permission", "pk": 24, "fields": {"name": "Can delete flat page", "content_type": 8, "codename": "delete_flatpage"}}, {"model": "auth.permission", "pk": 25, "fields": {"name": "Can add redirect", "content_type": 9, "codename": "add_redirect"}}, {"model": "auth.permission", "pk": 26, "fields": {"name": "Can change redirect", "content_type": 9, "codename": "change_redirect"}}, {"model": "auth.permission", "pk": 27, "fields": {"name": "Can delete redirect", "content_type": 9, "codename": "delete_redirect"}}, {"model": "auth.permission", "pk": 28, "fields": {"name": "Can add Posici\u00f3n", "content_type": 10, "codename": "add_position"}}, {"model": "auth.permission", "pk": 29, "fields": {"name": "Can change Posici\u00f3n", "content_type": 10, "codename": "change_position"}}, {"model": "auth.permission", "pk": 30, "fields": {"name": "Can delete Posici\u00f3n", "content_type": 10, "codename": "delete_position"}}, {"model": "auth.permission", "pk": 31, "fields": {"name": "Can add P\u00e1gina", "content_type": 11, "codename": "add_pages"}}, {"model": "auth.permission", "pk": 32, "fields": {"name": "Can change P\u00e1gina", "content_type": 11, "codename": "change_pages"}}, {"model": "auth.permission", "pk": 33, "fields": {"name": "Can delete P\u00e1gina", "content_type": 11, "codename": "delete_pages"}}, {"model": "auth.permission", "pk": 34, "fields": {"name": "Can add Carousel", "content_type": 12, "codename": "add_carousel"}}, {"model": "auth.permission", "pk": 35, "fields": {"name": "Can change Carousel", "content_type": 12, "codename": "change_carousel"}}, {"model": "auth.permission", "pk": 36, "fields": {"name": "Can delete Carousel", "content_type": 12, "codename": "delete_carousel"}}, {"model": "auth.permission", "pk": 37, "fields": {"name": "Can add Im\u00e1gen del carousel", "content_type": 13, "codename": "add_carouselimage"}}, {"model": "auth.permission", "pk": 38, "fields": {"name": "Can change Im\u00e1gen del carousel", "content_type": 13, "codename": "change_carouselimage"}}, {"model": "auth.permission", "pk": 39, "fields": {"name": "Can delete Im\u00e1gen del carousel", "content_type": 13, "codename": "delete_carouselimage"}}, {"model": "auth.permission", "pk": 40, "fields": {"name": "Can add Widget", "content_type": 14, "codename": "add_widget"}}, {"model": "auth.permission", "pk": 41, "fields": {"name": "Can change Widget", "content_type": 14, "codename": "change_widget"}}, {"model": "auth.permission", "pk": 42, "fields": {"name": "Can delete Widget", "content_type": 14, "codename": "delete_widget"}}, {"model": "auth.permission", "pk": 43, "fields": {"name": "Can add Informacion del sitio", "content_type": 15, "codename": "add_site"}}, {"model": "auth.permission", "pk": 44, "fields": {"name": "Can change Informacion del sitio", "content_type": 15, "codename": "change_site"}}, {"model": "auth.permission", "pk": 45, "fields": {"name": "Can delete Informacion del sitio", "content_type": 15, "codename": "delete_site"}}, {"model": "auth.permission", "pk": 46, "fields": {"name": "Can add social media", "content_type": 16, "codename": "add_socialmedia"}}, {"model": "auth.permission", "pk": 47, "fields": {"name": "Can change social media", "content_type": 16, "codename": "change_socialmedia"}}, {"model": "auth.permission", "pk": 48, "fields": {"name": "Can delete social media", "content_type": 16, "codename": "delete_socialmedia"}}, {"model": "auth.permission", "pk": 49, "fields": {"name": "Can add Articulo", "content_type": 17, "codename": "add_post"}}, {"model": "auth.permission", "pk": 50, "fields": {"name": "Can change Articulo", "content_type": 17, "codename": "change_post"}}, {"model": "auth.permission", "pk": 51, "fields": {"name": "Can delete Articulo", "content_type": 17, "codename": "delete_post"}}, {"model": "auth.permission", "pk": 52, "fields": {"name": "Can add Comentario", "content_type": 18, "codename": "add_comment"}}, {"model": "auth.permission", "pk": 53, "fields": {"name": "Can change Comentario", "content_type": 18, "codename": "change_comment"}}, {"model": "auth.permission", "pk": 54, "fields": {"name": "Can delete Comentario", "content_type": 18, "codename": "delete_comment"}}, {"model": "auth.permission", "pk": 55, "fields": {"name": "Can add Servicio", "content_type": 19, "codename": "add_service"}}, {"model": "auth.permission", "pk": 56, "fields": {"name": "Can change Servicio", "content_type": 19, "codename": "change_service"}}, {"model": "auth.permission", "pk": 57, "fields": {"name": "Can delete Servicio", "content_type": 19, "codename": "delete_service"}}, {"model": "auth.permission", "pk": 58, "fields": {"name": "Can add Im\u00e1gen del carousel", "content_type": 20, "codename": "add_serviceimage"}}, {"model": "auth.permission", "pk": 59, "fields": {"name": "Can change Im\u00e1gen del carousel", "content_type": 20, "codename": "change_serviceimage"}}, {"model": "auth.permission", "pk": 60, "fields": {"name": "Can delete Im\u00e1gen del carousel", "content_type": 20, "codename": "delete_serviceimage"}}, {"model": "auth.permission", "pk": 61, "fields": {"name": "Can add Frecuencia de visita", "content_type": 21, "codename": "add_frecuency"}}, {"model": "auth.permission", "pk": 62, "fields": {"name": "Can change Frecuencia de visita", "content_type": 21, "codename": "change_frecuency"}}, {"model": "auth.permission", "pk": 63, "fields": {"name": "Can delete Frecuencia de visita", "content_type": 21, "codename": "delete_frecuency"}}, {"model": "auth.permission", "pk": 64, "fields": {"name": "Can add Perfil de usuario", "content_type": 22, "codename": "add_profile"}}, {"model": "auth.permission", "pk": 65, "fields": {"name": "Can change Perfil de usuario", "content_type": 22, "codename": "change_profile"}}, {"model": "auth.permission", "pk": 66, "fields": {"name": "Can delete Perfil de usuario", "content_type": 22, "codename": "delete_profile"}}, {"model": "auth.permission", "pk": 67, "fields": {"name": "Can add photo", "content_type": 23, "codename": "add_photo"}}, {"model": "auth.permission", "pk": 68, "fields": {"name": "Can change photo", "content_type": 23, "codename": "change_photo"}}, {"model": "auth.permission", "pk": 69, "fields": {"name": "Can delete photo", "content_type": 23, "codename": "delete_photo"}}, {"model": "auth.permission", "pk": 70, "fields": {"name": "Can add Linea", "content_type": 24, "codename": "add_line"}}, {"model": "auth.permission", "pk": 71, "fields": {"name": "Can change Linea", "content_type": 24, "codename": "change_line"}}, {"model": "auth.permission", "pk": 72, "fields": {"name": "Can delete Linea", "content_type": 24, "codename": "delete_line"}}, {"model": "auth.permission", "pk": 73, "fields": {"name": "Can add Sub-linea", "content_type": 25, "codename": "add_subline"}}, {"model": "auth.permission", "pk": 74, "fields": {"name": "Can change Sub-linea", "content_type": 25, "codename": "change_subline"}}, {"model": "auth.permission", "pk": 75, "fields": {"name": "Can delete Sub-linea", "content_type": 25, "codename": "delete_subline"}}, {"model": "auth.permission", "pk": 76, "fields": {"name": "Can add Color", "content_type": 26, "codename": "add_color"}}, {"model": "auth.permission", "pk": 77, "fields": {"name": "Can change Color", "content_type": 26, "codename": "change_color"}}, {"model": "auth.permission", "pk": 78, "fields": {"name": "Can delete Color", "content_type": 26, "codename": "delete_color"}}, {"model": "auth.permission", "pk": 79, "fields": {"name": "Can add Tipo de art\u00edculo", "content_type": 27, "codename": "add_type"}}, {"model": "auth.permission", "pk": 80, "fields": {"name": "Can change Tipo de art\u00edculo", "content_type": 27, "codename": "change_type"}}, {"model": "auth.permission", "pk": 81, "fields": {"name": "Can delete Tipo de art\u00edculo", "content_type": 27, "codename": "delete_type"}}, {"model": "auth.permission", "pk": 82, "fields": {"name": "Can add Proveedor", "content_type": 28, "codename": "add_provider"}}, {"model": "auth.permission", "pk": 83, "fields": {"name": "Can change Proveedor", "content_type": 28, "codename": "change_provider"}}, {"model": "auth.permission", "pk": 84, "fields": {"name": "Can delete Proveedor", "content_type": 28, "codename": "delete_provider"}}, {"model": "auth.permission", "pk": 85, "fields": {"name": "Can add Departamento", "content_type": 29, "codename": "add_department"}}, {"model": "auth.permission", "pk": 86, "fields": {"name": "Can change Departamento", "content_type": 29, "codename": "change_department"}}, {"model": "auth.permission", "pk": 87, "fields": {"name": "Can delete Departamento", "content_type": 29, "codename": "delete_department"}}, {"model": "auth.permission", "pk": 88, "fields": {"name": "Can add Categor\u00eda", "content_type": 30, "codename": "add_category"}}, {"model": "auth.permission", "pk": 89, "fields": {"name": "Can change Categor\u00eda", "content_type": 30, "codename": "change_category"}}, {"model": "auth.permission", "pk": 90, "fields": {"name": "Can delete Categor\u00eda", "content_type": 30, "codename": "delete_category"}}, {"model": "auth.permission", "pk": 91, "fields": {"name": "Can add Art\u00edculo", "content_type": 31, "codename": "add_article"}}, {"model": "auth.permission", "pk": 92, "fields": {"name": "Can change Art\u00edculo", "content_type": 31, "codename": "change_article"}}, {"model": "auth.permission", "pk": 93, "fields": {"name": "Can delete Art\u00edculo", "content_type": 31, "codename": "delete_article"}}, {"model": "auth.permission", "pk": 94, "fields": {"name": "Can add association", "content_type": 32, "codename": "add_association"}}, {"model": "auth.permission", "pk": 95, "fields": {"name": "Can change association", "content_type": 32, "codename": "change_association"}}, {"model": "auth.permission", "pk": 96, "fields": {"name": "Can delete association", "content_type": 32, "codename": "delete_association"}}, {"model": "auth.permission", "pk": 97, "fields": {"name": "Can add code", "content_type": 33, "codename": "add_code"}}, {"model": "auth.permission", "pk": 98, "fields": {"name": "Can change code", "content_type": 33, "codename": "change_code"}}, {"model": "auth.permission", "pk": 99, "fields": {"name": "Can delete code", "content_type": 33, "codename": "delete_code"}}, {"model": "auth.permission", "pk": 100, "fields": {"name": "Can add nonce", "content_type": 34, "codename": "add_nonce"}}, {"model": "auth.permission", "pk": 101, "fields": {"name": "Can change nonce", "content_type": 34, "codename": "change_nonce"}}, {"model": "auth.permission", "pk": 102, "fields": {"name": "Can delete nonce", "content_type": 34, "codename": "delete_nonce"}}, {"model": "auth.permission", "pk": 103, "fields": {"name": "Can add user social auth", "content_type": 35, "codename": "add_usersocialauth"}}, {"model": "auth.permission", "pk": 104, "fields": {"name": "Can change user social auth", "content_type": 35, "codename": "change_usersocialauth"}}, {"model": "auth.permission", "pk": 105, "fields": {"name": "Can delete user social auth", "content_type": 35, "codename": "delete_usersocialauth"}}, {"model": "auth.permission", "pk": 106, "fields": {"name": "Can add partial", "content_type": 36, "codename": "add_partial"}}, {"model": "auth.permission", "pk": 107, "fields": {"name": "Can change partial", "content_type": 36, "codename": "change_partial"}}, {"model": "auth.permission", "pk": 108, "fields": {"name": "Can delete partial", "content_type": 36, "codename": "delete_partial"}}, {"model": "auth.permission", "pk": 109, "fields": {"name": "Can add kv store", "content_type": 37, "codename": "add_kvstore"}}, {"model": "auth.permission", "pk": 110, "fields": {"name": "Can change kv store", "content_type": 37, "codename": "change_kvstore"}}, {"model": "auth.permission", "pk": 111, "fields": {"name": "Can delete kv store", "content_type": 37, "codename": "delete_kvstore"}}, {"model": "auth.user", "pk": 1, "fields": {"password": "pbkdf2_sha256$100000$J21RahKNxUkX$1YVfEfsQT/3L0LFDeZ7zqK4/vtzZkD/Qqhqm++RuJl4=", "last_login": "2018-02-26T16:32:36.028Z", "is_superuser": true, "username": "jhernandez.18p", "first_name": "", "last_name": "", "email": "jhernandez.18p@dev2tech.xyz", "is_staff": true, "is_active": true, "date_joined": "2018-02-16T10:14:14.260Z", "groups": [], "user_permissions": []}}, {"model": "auth.user", "pk": 5, "fields": {"password": "pbkdf2_sha256$100000$BASsCiyUn57b$MaIB9Nlrv6PRiEBR4+sw2ZXvUbdAG7kzkfFfa6pSz6c=", "last_login": "2018-02-25T04:18:41.150Z", "is_superuser": false, "username": "josmerhernandez", "first_name": "Josmer Hernandez", "last_name": "Hernandez", "email": "sm@dev2tech.xyz", "is_staff": false, "is_active": true, "date_joined": "2018-02-25T04:18:39.950Z", "groups": [], "user_permissions": []}}, {"model": "auth.user", "pk": 6, "fields": {"password": "pbkdf2_sha256$100000$tYCRbTGqzZ3s$VdNgUKoVJJ3vWAP57JC+7ogxfo33nZImpELDADmpNc4=", "last_login": "2018-02-25T05:57:19.505Z", "is_superuser": false, "username": "editor", "first_name": "", "last_name": "", "email": "info@moby-group.com", "is_staff": false, "is_active": true, "date_joined": "2018-02-25T05:57:18.843Z", "groups": [], "user_permissions": []}}, {"model": "blog.post", "pk": 1, "fields": {"author": 1, "updated_by": 1, "title": "Primer post", "sub_title": "Primer post", "text": "<p>Lorem ipsum, dolor sit amet consectetur adipisicing elit. Non quisquam numquam perferendis earum sit error quae ad blanditiis at, corporis assumenda, rerum magnam explicabo est, pariatur adipisci sapiente deserunt soluta?</p>\r\n\r\n<p>Lorem ipsum, dolor sit amet consectetur adipisicing elit. Non quisquam numquam perferendis earum sit error quae ad blanditiis at, corporis assumenda, rerum magnam explicabo est, pariatur adipisci sapiente deserunt soluta?</p>\r\n\r\n<p>Lorem ipsum, dolor sit amet consectetur adipisicing elit. Non quisquam numquam perferendis earum sit error quae ad blanditiis at, corporis assumenda, rerum magnam explicabo est, pariatur adipisci sapiente deserunt soluta?</p>\r\n\r\n<p>Lorem ipsum, dolor sit amet consectetur adipisicing elit. Non quisquam numquam perferendis earum sit error quae ad blanditiis at, corporis assumenda, rerum magnam explicabo est, pariatur adipisci sapiente deserunt soluta?</p>\r\n\r\n<p>Lorem ipsum, dolor sit amet consectetur adipisicing elit. Non quisquam numquam perferendis earum sit error quae ad blanditiis at, corporis assumenda, rerum magnam explicabo est, pariatur adipisci sapiente deserunt soluta?</p>", "draft": false, "published": "2018-02-16", "read_time": 0, "updated": "2018-02-16T12:25:53.937Z", "created_at": "2018-02-16T11:40:01.414Z", "img": "4/810-6370-172.jpg", "img_height_field": 2456, "img_width_field": 3680, "background": "4/bg-026.jpg", "background_width_field": 2560, "background_height_field": 1600, "slug": "primer-post"}}, {"model": "blog.post", "pk": 2, "fields": {"author": 1, "updated_by": 1, "title": "Segundo post", "sub_title": "Segundo post", "text": "<p>Lorem ipsum, dolor sit amet consectetur adipisicing elit. Non quisquam numquam perferendis earum sit error quae ad blanditiis at, corporis assumenda, rerum magnam explicabo est, pariatur adipisci sapiente deserunt soluta?</p>\r\n\r\n<p>Lorem ipsum, dolor sit amet consectetur adipisicing elit. Non quisquam numquam perferendis earum sit error quae ad blanditiis at, corporis assumenda, rerum magnam explicabo est, pariatur adipisci sapiente deserunt soluta?</p>\r\n\r\n<p>Lorem ipsum, dolor sit amet consectetur adipisicing elit. Non quisquam numquam perferendis earum sit error quae ad blanditiis at, corporis assumenda, rerum magnam explicabo est, pariatur adipisci sapiente deserunt soluta?</p>\r\n\r\n<p>Lorem ipsum, dolor sit amet consectetur adipisicing elit. Non quisquam numquam perferendis earum sit error quae ad blanditiis at, corporis assumenda, rerum magnam explicabo est, pariatur adipisci sapiente deserunt soluta?</p>", "draft": false, "published": "2018-02-23", "read_time": 0, "updated": "2018-02-23T16:24:44.800Z", "created_at": "2018-02-16T11:41:19.508Z", "img": "2/17S_DAKINE_FURROW_AE_4601_800.jpg", "img_height_field": 533, "img_width_field": 800, "background": "2/0o1a8304-2425.jpg", "background_width_field": 5760, "background_height_field": 3840, "slug": "segundo-post"}}, {"model": "blog.post", "pk": 3, "fields": {"author": 1, "updated_by": 1, "title": "Tercer post", "sub_title": "Tercer post", "text": "<p>Lorem ipsum, dolor sit amet consectetur adipisicing elit. Non quisquam numquam perferendis earum sit error quae ad blanditiis at, corporis assumenda, rerum magnam explicabo est, pariatur adipisci sapiente deserunt soluta?</p>\r\n\r\n<p>Lorem ipsum, dolor sit amet consectetur adipisicing elit. Non quisquam numquam perferendis earum sit error quae ad blanditiis at, corporis assumenda, rerum magnam explicabo est, pariatur adipisci sapiente deserunt soluta?</p>\r\n\r\n<p>Lorem ipsum, dolor sit amet consectetur adipisicing elit. Non quisquam numquam perferendis earum sit error quae ad blanditiis at, corporis assumenda, rerum magnam explicabo est, pariatur adipisci sapiente deserunt soluta?</p>\r\n\r\n<p>Lorem ipsum, dolor sit amet consectetur adipisicing elit. Non quisquam numquam perferendis earum sit error quae ad blanditiis at, corporis assumenda, rerum magnam explicabo est, pariatur adipisci sapiente deserunt soluta?</p>", "draft": true, "published": "2018-02-23", "read_time": 0, "updated": "2018-02-23T14:05:59.180Z", "created_at": "2018-02-16T11:42:31.745Z", "img": "3/AdobeStock_81327271.jpeg", "img_height_field": 667, "img_width_field": 1000, "background": "3/FWvSRX96Dcyxik5Y4aIKVe98RaU0JyQO_hero_1555.jpg", "background_width_field": 1555, "background_height_field": 345, "slug": "tercer-post"}}, {"model": "blog.comment", "pk": 1, "fields": {"author": 1, "content": "<p>Lorem ipsum, dolor sit amet consectetur adipisicing elit. Non quisquam numquam perferendis earum sit error quae ad blanditiis at, corporis assumenda, rerum magnam explicabo est, pariatur adipisci sapiente deserunt soluta?</p>", "parent": null, "approved": false, "timestamp": "2018-02-16T11:40:01.416Z", "post": 1, "content_type": 17, "object_id": 1}}, {"model": "blog.comment", "pk": 2, "fields": {"author": 1, "content": "<p>Lorem ipsum, dolor sit amet consectetur adipisicing elit. Non quisquam numquam perferendis earum sit error quae ad blanditiis at, corporis assumenda, rerum magnam explicabo est, pariatur adipisci sapiente deserunt soluta?</p>\r\n\r\n<p>Lorem ipsum, dolor sit amet consectetur adipisicing elit. Non quisquam numquam perferendis earum sit error quae ad blanditiis at, corporis assumenda, rerum magnam explicabo est, pariatur adipisci sapiente deserunt soluta?</p>", "parent": null, "approved": true, "timestamp": "2018-02-16T11:41:19.538Z", "post": 2, "content_type": 17, "object_id": 2}}, {"model": "blog.comment", "pk": 3, "fields": {"author": 1, "content": "<p>Lorem ipsum, dolor sit amet consectetur adipisicing elit. Non quisquam numquam perferendis earum sit error quae ad blanditiis at, corporis assumenda, rerum magnam explicabo est, pariatur adipisci sapiente deserunt soluta?</p>\r\n\r\n<p>&nbsp;</p>\r\n\r\n<p>Lorem ipsum, dolor sit amet consectetur adipisicing elit. Non quisquam numquam perferendis earum sit error quae ad blanditiis at, corporis assumenda, rerum magnam explicabo est, pariatur adipisci sapiente deserunt soluta?</p>", "parent": null, "approved": true, "timestamp": "2018-02-16T11:42:31.763Z", "post": 3, "content_type": 17, "object_id": 3}}, {"model": "blog.comment", "pk": 4, "fields": {"author": 1, "content": "<p>Lorem ipsum, dolor sit amet consectetur adipisicing elit. Non quisquam numquam perferendis earum sit error quae ad blanditiis at, corporis assumenda, rerum magnam explicabo est, pariatur adipisci sapiente deserunt soluta?</p>", "parent": null, "approved": false, "timestamp": "2018-02-16T12:23:19.778Z", "post": 3, "content_type": 17, "object_id": 3}}, {"model": "blog.comment", "pk": 5, "fields": {"author": 1, "content": "<p>ssss</p>", "parent": null, "approved": true, "timestamp": "2018-02-23T19:00:07.910Z", "post": 2, "content_type": 17, "object_id": 2}}, {"model": "blog.comment", "pk": 6, "fields": {"author": 1, "content": "<p>fl lkjvm lvr</p>", "parent": null, "approved": true, "timestamp": "2018-02-23T19:01:15.906Z", "post": 2, "content_type": 17, "object_id": 2}}, {"model": "blog.comment", "pk": 7, "fields": {"author": 1, "content": "<p>Nuevo comentario</p>", "parent": null, "approved": true, "timestamp": "2018-02-25T03:33:57.269Z", "post": 2, "content_type": 17, "object_id": 2}}, {"model": "blog.comment", "pk": 8, "fields": {"author": 1, "content": "<hr />\r\n<hr />\r\n<hr />\r\n<hr />\r\n<p>&nbsp;</p>", "parent": null, "approved": true, "timestamp": "2018-02-25T03:39:31.264Z", "post": 2, "content_type": 17, "object_id": 2}}, {"model": "blog.comment", "pk": 9, "fields": {"author": 1, "content": "<p><img alt=\"\" src=\"https://static.pexels.com/photos/890710/pexels-photo-890710.jpeg\" /></p>", "parent": null, "approved": true, "timestamp": "2018-02-25T03:40:12.196Z", "post": 2, "content_type": 17, "object_id": 2}}, {"model": "blog.comment", "pk": 10, "fields": {"author": 1, "content": "<p><img alt=\"wink\" src=\"http://localhost:8000/static/ckeditor/ckeditor/plugins/smiley/images/wink_smile.png\" style=\"height:23px; width:23px\" title=\"wink\" /></p>", "parent": null, "approved": true, "timestamp": "2018-02-25T03:43:48.084Z", "post": 2, "content_type": 17, "object_id": 2}}, {"model": "blog.comment", "pk": 11, "fields": {"author": 1, "content": "<table border=\"1\" cellpadding=\"1\" cellspacing=\"1\" style=\"width:500px\">\r\n\t<tbody>\r\n\t\t<tr>\r\n\t\t\t<td>&nbsp;</td>\r\n\t\t\t<td>&nbsp;</td>\r\n\t\t</tr>\r\n\t\t<tr>\r\n\t\t\t<td>&nbsp;</td>\r\n\t\t\t<td>&nbsp;</td>\r\n\t\t</tr>\r\n\t\t<tr>\r\n\t\t\t<td>&nbsp;</td>\r\n\t\t\t<td>&nbsp;</td>\r\n\t\t</tr>\r\n\t</tbody>\r\n</table>\r\n\r\n<p>&nbsp;</p>", "parent": null, "approved": true, "timestamp": "2018-02-25T03:44:07.392Z", "post": 2, "content_type": 17, "object_id": 2}}, {"model": "blog.comment", "pk": 12, "fields": {"author": 5, "content": "<p>grtet</p>", "parent": null, "approved": true, "timestamp": "2018-02-25T04:18:57.639Z", "post": 2, "content_type": 17, "object_id": 2}}, {"model": "admin.logentry", "pk": 1, "fields": {"action_time": "2018-02-16T10:26:35.426Z", "user": 1, "content_type": 15, "object_id": "1", "object_repr": "Moby Supply", "action_flag": 2, "change_message": "[{\"changed\": {\"fields\": [\"title\", \"description\", \"short_description\", \"phone\", \"email\", \"site_img\"]}}]"}}, {"model": "admin.logentry", "pk": 2, "fields": {"action_time": "2018-02-16T10:45:31.841Z", "user": 1, "content_type": 12, "object_id": "1", "object_repr": "Home Header", "action_flag": 1, "change_message": "[{\"added\": {}}, {\"added\": {\"name\": \"Im\\u00e1gen del carousel\", \"object\": \"Imagen 01\"}}, {\"added\": {\"name\": \"Im\\u00e1gen del carousel\", \"object\": \"Imagen 02\"}}]"}}, {"model": "admin.logentry", "pk": 3, "fields": {"action_time": "2018-02-16T11:19:57.051Z", "user": 1, "content_type": 29, "object_id": "1", "object_repr": "Cantos", "action_flag": 1, "change_message": "[{\"added\": {}}]"}}, {"model": "admin.logentry", "pk": 4, "fields": {"action_time": "2018-02-16T11:21:36.160Z", "user": 1, "content_type": 29, "object_id": "1", "object_repr": "Cantos", "action_flag": 2, "change_message": "[{\"changed\": {\"fields\": [\"description\"]}}]"}}, {"model": "admin.logentry", "pk": 5, "fields": {"action_time": "2018-02-16T11:26:16.810Z", "user": 1, "content_type": 29, "object_id": "1", "object_repr": "Cantos", "action_flag": 2, "change_message": "[]"}}, {"model": "admin.logentry", "pk": 6, "fields": {"action_time": "2018-02-16T11:26:36.296Z", "user": 1, "content_type": 29, "object_id": "2", "object_repr": "Herrajes", "action_flag": 1, "change_message": "[{\"added\": {}}]"}}, {"model": "admin.logentry", "pk": 7, "fields": {"action_time": "2018-02-16T11:26:50.000Z", "user": 1, "content_type": 29, "object_id": "3", "object_repr": "Laminas", "action_flag": 1, "change_message": "[{\"added\": {}}]"}}, {"model": "admin.logentry", "pk": 8, "fields": {"action_time": "2018-02-16T11:27:02.418Z", "user": 1, "content_type": 29, "object_id": "4", "object_repr": "Sobres", "action_flag": 1, "change_message": "[{\"added\": {}}]"}}, {"model": "admin.logentry", "pk": 9, "fields": {"action_time": "2018-02-16T11:35:23.721Z", "user": 1, "content_type": 29, "object_id": "4", "object_repr": "Sobres", "action_flag": 2, "change_message": "[{\"changed\": {\"fields\": [\"description\"]}}]"}}, {"model": "admin.logentry", "pk": 10, "fields": {"action_time": "2018-02-16T11:35:35.112Z", "user": 1, "content_type": 29, "object_id": "3", "object_repr": "Laminas", "action_flag": 2, "change_message": "[{\"changed\": {\"fields\": [\"description\"]}}]"}}, {"model": "admin.logentry", "pk": 11, "fields": {"action_time": "2018-02-16T11:35:46.283Z", "user": 1, "content_type": 29, "object_id": "2", "object_repr": "Herrajes", "action_flag": 2, "change_message": "[{\"changed\": {\"fields\": [\"description\"]}}]"}}, {"model": "admin.logentry", "pk": 12, "fields": {"action_time": "2018-02-16T11:40:01.417Z", "user": 1, "content_type": 17, "object_id": "1", "object_repr": "Primer post", "action_flag": 1, "change_message": "[{\"added\": {}}, {\"added\": {\"name\": \"Comentario\", \"object\": \"jhernandez.18p\"}}]"}}, {"model": "admin.logentry", "pk": 13, "fields": {"action_time": "2018-02-16T11:41:19.539Z", "user": 1, "content_type": 17, "object_id": "2", "object_repr": "Segundo post", "action_flag": 1, "change_message": "[{\"added\": {}}, {\"added\": {\"name\": \"Comentario\", \"object\": \"jhernandez.18p\"}}]"}}, {"model": "admin.logentry", "pk": 14, "fields": {"action_time": "2018-02-16T11:42:31.764Z", "user": 1, "content_type": 17, "object_id": "3", "object_repr": "Tercer post", "action_flag": 1, "change_message": "[{\"added\": {}}, {\"added\": {\"name\": \"Comentario\", \"object\": \"jhernandez.18p\"}}]"}}, {"model": "admin.logentry", "pk": 15, "fields": {"action_time": "2018-02-16T12:23:19.787Z", "user": 1, "content_type": 17, "object_id": "3", "object_repr": "Tercer post", "action_flag": 2, "change_message": "[{\"added\": {\"name\": \"Comentario\", \"object\": \"jhernandez.18p\"}}]"}}, {"model": "admin.logentry", "pk": 16, "fields": {"action_time": "2018-02-16T12:25:54.006Z", "user": 1, "content_type": 17, "object_id": "1", "object_repr": "Primer post", "action_flag": 2, "change_message": "[{\"changed\": {\"fields\": [\"img\", \"background\"]}}]"}}, {"model": "admin.logentry", "pk": 17, "fields": {"action_time": "2018-02-16T12:28:55.761Z", "user": 1, "content_type": 19, "object_id": "1", "object_repr": "Cortes", "action_flag": 1, "change_message": "[{\"added\": {}}, {\"added\": {\"name\": \"Im\\u00e1gen del carousel\", \"object\": \"Imagen cortes 01\"}}, {\"added\": {\"name\": \"Im\\u00e1gen del carousel\", \"object\": \"Imagen cortes 02\"}}, {\"added\": {\"name\": \"Im\\u00e1gen del carousel\", \"object\": \"Imagen cortes 03\"}}]"}}, {"model": "admin.logentry", "pk": 18, "fields": {"action_time": "2018-02-16T12:35:36.308Z", "user": 1, "content_type": 19, "object_id": "1", "object_repr": "Cortes", "action_flag": 2, "change_message": "[{\"changed\": {\"name\": \"Im\\u00e1gen del carousel\", \"object\": \"Imagen cortes 01\", \"fields\": [\"image\"]}}]"}}, {"model": "admin.logentry", "pk": 19, "fields": {"action_time": "2018-02-16T12:36:54.567Z", "user": 1, "content_type": 19, "object_id": "1", "object_repr": "Cortes", "action_flag": 2, "change_message": "[{\"changed\": {\"name\": \"Im\\u00e1gen del carousel\", \"object\": \"Imagen cortes 01\", \"fields\": [\"image\"]}}]"}}, {"model": "admin.logentry", "pk": 20, "fields": {"action_time": "2018-02-16T12:40:04.616Z", "user": 1, "content_type": 12, "object_id": "2", "object_repr": "Header Products", "action_flag": 1, "change_message": "[{\"added\": {}}, {\"added\": {\"name\": \"Im\\u00e1gen del carousel\", \"object\": \"Header Products 01\"}}]"}}, {"model": "admin.logentry", "pk": 21, "fields": {"action_time": "2018-02-16T12:40:38.537Z", "user": 1, "content_type": 12, "object_id": "2", "object_repr": "Header Products", "action_flag": 2, "change_message": "[{\"added\": {\"name\": \"Im\\u00e1gen del carousel\", \"object\": \"Header Products 02\"}}]"}}, {"model": "admin.logentry", "pk": 22, "fields": {"action_time": "2018-02-23T13:24:20.571Z", "user": 1, "content_type": 15, "object_id": "1", "object_repr": "Moby Supply", "action_flag": 2, "change_message": "[{\"changed\": {\"fields\": [\"short_description\"]}}, {\"added\": {\"name\": \"Perfiles de redes sociales\", \"object\": \"Facebook\"}}]"}}, {"model": "admin.logentry", "pk": 23, "fields": {"action_time": "2018-02-23T13:53:37.275Z", "user": 1, "content_type": 15, "object_id": "1", "object_repr": "Moby Supply", "action_flag": 2, "change_message": "[{\"changed\": {\"fields\": [\"phone2\", \"email2\", \"schedule\", \"workday\", \"address\"]}}]"}}, {"model": "admin.logentry", "pk": 24, "fields": {"action_time": "2018-02-23T14:05:59.182Z", "user": 1, "content_type": 17, "object_id": "3", "object_repr": "Tercer post", "action_flag": 2, "change_message": "[{\"changed\": {\"fields\": [\"draft\"]}}]"}}, {"model": "admin.logentry", "pk": 25, "fields": {"action_time": "2018-02-23T16:23:39.709Z", "user": 1, "content_type": 17, "object_id": "2", "object_repr": "Segundo post", "action_flag": 2, "change_message": "[{\"changed\": {\"name\": \"Comentario\", \"object\": \"jhernandez.18p\", \"fields\": [\"object_id\"]}}]"}}, {"model": "admin.logentry", "pk": 26, "fields": {"action_time": "2018-02-23T16:24:01.516Z", "user": 1, "content_type": 17, "object_id": "2", "object_repr": "Segundo post", "action_flag": 2, "change_message": "[{\"changed\": {\"name\": \"Comentario\", \"object\": \"jhernandez.18p\", \"fields\": [\"object_id\"]}}]"}}, {"model": "admin.logentry", "pk": 27, "fields": {"action_time": "2018-02-23T16:24:44.802Z", "user": 1, "content_type": 17, "object_id": "2", "object_repr": "Segundo post", "action_flag": 2, "change_message": "[{\"changed\": {\"name\": \"Comentario\", \"object\": \"jhernandez.18p\", \"fields\": [\"approved\"]}}]"}}, {"model": "admin.logentry", "pk": 28, "fields": {"action_time": "2018-02-23T19:01:04.174Z", "user": 1, "content_type": 18, "object_id": "5", "object_repr": "jhernandez.18p", "action_flag": 2, "change_message": "[{\"changed\": {\"fields\": [\"object_id\"]}}]"}}, {"model": "admin.logentry", "pk": 29, "fields": {"action_time": "2018-02-25T03:21:54.500Z", "user": 1, "content_type": 4, "object_id": "3", "object_repr": "cc", "action_flag": 3, "change_message": ""}}, {"model": "admin.logentry", "pk": 30, "fields": {"action_time": "2018-02-25T03:21:54.558Z", "user": 1, "content_type": 4, "object_id": "2", "object_repr": "sdd", "action_flag": 3, "change_message": ""}}, {"model": "admin.logentry", "pk": 31, "fields": {"action_time": "2018-02-26T04:11:37.273Z", "user": 1, "content_type": 24, "object_id": "1", "object_repr": "test", "action_flag": 1, "change_message": "[{\"added\": {}}]"}}, {"model": "admin.logentry", "pk": 32, "fields": {"action_time": "2018-02-26T04:12:07.231Z", "user": 1, "content_type": 24, "object_id": "1", "object_repr": "test", "action_flag": 2, "change_message": "[{\"changed\": {\"fields\": [\"img\"]}}]"}}, {"model": "admin.logentry", "pk": 33, "fields": {"action_time": "2018-02-26T04:24:22.993Z", "user": 1, "content_type": 24, "object_id": "1", "object_repr": "test", "action_flag": 2, "change_message": "[{\"changed\": {\"fields\": [\"img\"]}}]"}}, {"model": "admin.logentry", "pk": 34, "fields": {"action_time": "2018-02-26T04:24:50.677Z", "user": 1, "content_type": 24, "object_id": "1", "object_repr": "test", "action_flag": 2, "change_message": "[{\"changed\": {\"fields\": [\"img\"]}}]"}}, {"model": "admin.logentry", "pk": 35, "fields": {"action_time": "2018-02-26T04:25:11.401Z", "user": 1, "content_type": 24, "object_id": "1", "object_repr": "test", "action_flag": 2, "change_message": "[{\"changed\": {\"fields\": [\"img\"]}}]"}}, {"model": "admin.logentry", "pk": 36, "fields": {"action_time": "2018-02-26T04:25:50.873Z", "user": 1, "content_type": 24, "object_id": "1", "object_repr": "test", "action_flag": 2, "change_message": "[{\"changed\": {\"fields\": [\"img\"]}}]"}}, {"model": "admin.logentry", "pk": 37, "fields": {"action_time": "2018-02-26T04:26:16.409Z", "user": 1, "content_type": 24, "object_id": "1", "object_repr": "test", "action_flag": 2, "change_message": "[{\"changed\": {\"fields\": [\"img\"]}}]"}}, {"model": "admin.logentry", "pk": 38, "fields": {"action_time": "2018-02-26T04:27:14.212Z", "user": 1, "content_type": 24, "object_id": "1", "object_repr": "test", "action_flag": 2, "change_message": "[{\"changed\": {\"fields\": [\"img\"]}}]"}}, {"model": "admin.logentry", "pk": 39, "fields": {"action_time": "2018-02-26T04:36:28.867Z", "user": 1, "content_type": 24, "object_id": "1", "object_repr": "test", "action_flag": 2, "change_message": "[{\"changed\": {\"fields\": [\"img\"]}}]"}}, {"model": "admin.logentry", "pk": 40, "fields": {"action_time": "2018-02-26T04:39:20.659Z", "user": 1, "content_type": 30, "object_id": "1", "object_repr": "test", "action_flag": 1, "change_message": "[{\"added\": {}}]"}}, {"model": "admin.logentry", "pk": 41, "fields": {"action_time": "2018-02-26T04:40:03.531Z", "user": 1, "content_type": 29, "object_id": "4", "object_repr": "Sobres a", "action_flag": 2, "change_message": "[{\"changed\": {\"fields\": [\"name\"]}}]"}}, {"model": "admin.logentry", "pk": 42, "fields": {"action_time": "2018-02-26T04:40:16.350Z", "user": 1, "content_type": 29, "object_id": "4", "object_repr": "Sobres", "action_flag": 2, "change_message": "[{\"changed\": {\"fields\": [\"name\"]}}]"}}, {"model": "admin.logentry", "pk": 43, "fields": {"action_time": "2018-02-26T04:40:23.719Z", "user": 1, "content_type": 29, "object_id": "5", "object_repr": "nuevo", "action_flag": 1, "change_message": "[{\"added\": {}}]"}}, {"model": "admin.logentry", "pk": 44, "fields": {"action_time": "2018-02-26T04:40:28.874Z", "user": 1, "content_type": 29, "object_id": "5", "object_repr": "nuevo", "action_flag": 2, "change_message": "[]"}}, {"model": "admin.logentry", "pk": 45, "fields": {"action_time": "2018-02-26T04:40:36.079Z", "user": 1, "content_type": 29, "object_id": "6", "object_repr": "nuevo", "action_flag": 1, "change_message": "[{\"added\": {}}]"}}, {"model": "admin.logentry", "pk": 46, "fields": {"action_time": "2018-02-26T04:43:05.551Z", "user": 1, "content_type": 29, "object_id": "6", "object_repr": "nuevo", "action_flag": 2, "change_message": "[]"}}, {"model": "admin.logentry", "pk": 47, "fields": {"action_time": "2018-02-26T04:43:09.107Z", "user": 1, "content_type": 29, "object_id": "6", "object_repr": "nuevo", "action_flag": 2, "change_message": "[]"}}, {"model": "admin.logentry", "pk": 48, "fields": {"action_time": "2018-02-26T04:43:15.059Z", "user": 1, "content_type": 29, "object_id": "7", "object_repr": "nuevo", "action_flag": 1, "change_message": "[{\"added\": {}}]"}}, {"model": "admin.logentry", "pk": 49, "fields": {"action_time": "2018-02-26T05:41:43.155Z", "user": 1, "content_type": 15, "object_id": "1", "object_repr": "Moby Supply", "action_flag": 2, "change_message": "[{\"changed\": {\"fields\": [\"services_img\", \"products_img\"]}}]"}}, {"model": "admin.logentry", "pk": 50, "fields": {"action_time": "2018-02-26T05:43:44.586Z", "user": 1, "content_type": 15, "object_id": "1", "object_repr": "Moby Supply", "action_flag": 2, "change_message": "[{\"changed\": {\"fields\": [\"products_img\"]}}]"}}, {"model": "admin.logentry", "pk": 51, "fields": {"action_time": "2018-02-26T06:16:49.087Z", "user": 1, "content_type": 15, "object_id": "1", "object_repr": "Moby Supply", "action_flag": 2, "change_message": "[{\"changed\": {\"fields\": [\"products_img\"]}}]"}}, {"model": "admin.logentry", "pk": 52, "fields": {"action_time": "2018-02-26T06:17:31.129Z", "user": 1, "content_type": 15, "object_id": "1", "object_repr": "Moby Supply", "action_flag": 2, "change_message": "[{\"changed\": {\"fields\": [\"services_img\"]}}]"}}, {"model": "admin.logentry", "pk": 53, "fields": {"action_time": "2018-02-26T07:06:34.862Z", "user": 1, "content_type": 15, "object_id": "1", "object_repr": "Moby Supply", "action_flag": 2, "change_message": "[{\"changed\": {\"fields\": [\"logo\"]}}]"}}, {"model": "admin.logentry", "pk": 54, "fields": {"action_time": "2018-02-26T10:01:20.254Z", "user": 1, "content_type": 28, "object_id": "1", "object_repr": "nuevo", "action_flag": 1, "change_message": "[{\"added\": {}}]"}}, {"model": "admin.logentry", "pk": 55, "fields": {"action_time": "2018-02-26T16:35:50.119Z", "user": 1, "content_type": 25, "object_id": "1", "object_repr": "test 01", "action_flag": 1, "change_message": "[{\"added\": {}}]"}}, {"model": "admin.logentry", "pk": 56, "fields": {"action_time": "2018-02-26T16:36:47.775Z", "user": 1, "content_type": 27, "object_id": "1", "object_repr": "cantos", "action_flag": 1, "change_message": "[{\"added\": {}}]"}}, {"model": "admin.logentry", "pk": 57, "fields": {"action_time": "2018-02-26T16:37:09.302Z", "user": 1, "content_type": 26, "object_id": "1", "object_repr": "Negro", "action_flag": 1, "change_message": "[{\"added\": {}}]"}}, {"model": "admin.logentry", "pk": 58, "fields": {"action_time": "2018-02-26T16:48:20.425Z", "user": 1, "content_type": 31, "object_id": "4", "object_repr": "Article object (4)", "action_flag": 1, "change_message": "[{\"added\": {}}]"}}, {"model": "admin.logentry", "pk": 59, "fields": {"action_time": "2018-02-26T16:48:50.131Z", "user": 1, "content_type": 31, "object_id": "4", "object_repr": "Article object (4)", "action_flag": 2, "change_message": "[{\"changed\": {\"fields\": [\"name\"]}}]"}}, {"model": "admin.logentry", "pk": 60, "fields": {"action_time": "2018-02-26T17:02:16.764Z", "user": 1, "content_type": 31, "object_id": "4", "object_repr": "Article object (4)", "action_flag": 2, "change_message": "[]"}}, {"model": "admin.logentry", "pk": 61, "fields": {"action_time": "2018-02-26T17:02:20.725Z", "user": 1, "content_type": 31, "object_id": "4", "object_repr": "Article object (4)", "action_flag": 2, "change_message": "[]"}}, {"model": "admin.logentry", "pk": 62, "fields": {"action_time": "2018-02-26T17:22:19.411Z", "user": 1, "content_type": 31, "object_id": "4", "object_repr": "Article object (4)", "action_flag": 2, "change_message": "[{\"changed\": {\"fields\": [\"department\"]}}]"}}, {"model": "admin.logentry", "pk": 63, "fields": {"action_time": "2018-02-26T18:03:46.359Z", "user": 1, "content_type": 31, "object_id": "5", "object_repr": "Article object (5)", "action_flag": 1, "change_message": "[{\"added\": {}}]"}}]